tensor_shapes,dim,device,duration,start_time,end_time,max_gpu_power,avg_gpu_power,max_gpu_util,avg_gpu_utils,max_gpu_memory_used,avg_gpu_memory_used,avg_temperature,max_temperature,gpu_model
"[[105, 115, 120], [113, 115, 120], [121, 115, 120]]",0,cuda,127885.17,2025-07-06T07:46:44.235039,2025-07-06T07:46:44.243238,21.24,21.24,0.0,0.0,749.0,748.83,29.0,29.0,NVIDIA A10
"[[105, 119, 124], [113, 119, 124], [121, 119, 124]]",0,cuda,94186.28,2025-07-06T07:46:54.254027,2025-07-06T07:46:54.260066,54.24,54.24,0.0,0.0,751.0,750.78,31.0,31.0,NVIDIA A10
"[[105, 123, 128], [113, 123, 128], [121, 123, 128]]",0,cuda,98813.44,2025-07-06T07:47:04.270538,2025-07-06T07:47:04.276871,54.61,54.61,0.0,0.0,753.0,752.55,33.0,33.0,NVIDIA A10
"[[105, 127, 132], [113, 127, 132], [121, 127, 132]]",0,cuda,104846.09,2025-07-06T07:47:14.287392,2025-07-06T07:47:14.294111,54.73,54.73,0.0,0.0,753.0,752.79,33.0,33.0,NVIDIA A10
"[[105, 131, 136], [113, 131, 136], [121, 131, 136]]",0,cuda,110719.03,2025-07-06T07:47:24.304571,2025-07-06T07:47:24.311666,55.29,55.29,0.0,0.0,755.0,755.0,34.0,34.0,NVIDIA A10
"[[105, 135, 140], [113, 135, 140], [121, 135, 140]]",0,cuda,117742.39,2025-07-06T07:47:34.322089,2025-07-06T07:47:34.329633,54.98,54.98,0.0,0.0,757.0,756.78,34.0,34.0,NVIDIA A10
"[[105, 139, 144], [113, 139, 144], [121, 139, 144]]",0,cuda,123995.61,2025-07-06T07:47:44.340249,2025-07-06T07:47:44.348194,55.12,55.12,0.0,0.0,757.0,756.58,34.0,34.0,NVIDIA A10
"[[105, 143, 148], [113, 143, 148], [121, 143, 148]]",0,cuda,130482.73,2025-07-06T07:47:54.358701,2025-07-06T07:47:54.367061,56.14,56.14,0.0,0.0,759.0,758.57,35.0,35.0,NVIDIA A10
"[[105, 147, 152], [113, 147, 152], [121, 147, 152]]",0,cuda,137070.77,2025-07-06T07:48:04.377588,2025-07-06T07:48:04.386370,55.81,55.81,0.0,0.0,761.0,760.78,35.0,35.0,NVIDIA A10
"[[105, 151, 156], [113, 151, 156], [121, 151, 156]]",0,cuda,144802.52,2025-07-06T07:48:14.396945,2025-07-06T07:48:14.406221,56.11,56.11,0.0,0.0,775.0,774.77,35.0,35.0,NVIDIA A10
"[[105, 155, 160], [113, 155, 160], [121, 155, 160]]",0,cuda,151248.38,2025-07-06T07:48:24.416686,2025-07-06T07:48:24.426375,57.24,56.51,0.0,0.0,777.0,776.33,35.0,35.0,NVIDIA A10
"[[105, 159, 164], [113, 159, 164], [121, 159, 164]]",0,cuda,175608.16,2025-07-06T07:48:34.436874,2025-07-06T07:48:34.448133,55.96,55.96,0.0,0.0,777.0,776.46,36.0,36.0,NVIDIA A10
"[[105, 163, 168], [113, 163, 168], [121, 163, 168]]",0,cuda,167156.3,2025-07-06T07:48:44.459267,2025-07-06T07:48:44.469973,56.16,56.16,0.0,0.0,779.0,778.78,36.0,36.0,NVIDIA A10
"[[105, 167, 172], [113, 167, 172], [121, 167, 172]]",0,cuda,181473.22,2025-07-06T07:48:54.480571,2025-07-06T07:48:54.492194,56.06,56.06,0.0,0.0,795.0,794.17,36.0,36.0,NVIDIA A10
"[[105, 171, 176], [113, 171, 176], [121, 171, 176]]",0,cuda,181748.55,2025-07-06T07:49:04.502874,2025-07-06T07:49:04.514514,56.12,56.12,0.0,0.0,799.0,798.56,36.0,36.0,NVIDIA A10
"[[105, 175, 180], [113, 175, 180], [121, 175, 180]]",0,cuda,192073.2,2025-07-06T07:49:14.525029,2025-07-06T07:49:14.537330,56.06,56.06,0.0,0.0,801.0,800.56,36.0,36.0,NVIDIA A10
"[[105, 179, 184], [113, 179, 184], [121, 179, 184]]",0,cuda,204885.88,2025-07-06T07:49:24.548030,2025-07-06T07:49:24.561152,56.11,56.11,0.0,0.0,819.0,818.04,36.0,36.0,NVIDIA A10
"[[105, 183, 188], [113, 183, 188], [121, 183, 188]]",0,cuda,208801.81,2025-07-06T07:49:34.571698,2025-07-06T07:49:34.585070,56.25,56.25,0.0,0.0,807.0,806.56,36.0,36.0,NVIDIA A10
"[[105, 187, 192], [113, 187, 192], [121, 187, 192]]",0,cuda,220918.77,2025-07-06T07:49:44.595692,2025-07-06T07:49:44.609840,56.15,56.15,0.0,0.0,827.0,826.12,36.0,36.0,NVIDIA A10
"[[105, 191, 196], [113, 191, 196], [121, 191, 196]]",0,cuda,226745.53,2025-07-06T07:49:54.620408,2025-07-06T07:49:54.634929,56.15,56.15,0.0,0.0,815.0,814.57,36.0,36.0,NVIDIA A10
"[[105, 195, 200], [113, 195, 200], [121, 195, 200]]",0,cuda,234181.27,2025-07-06T07:50:04.645528,2025-07-06T07:50:04.660525,57.46,56.8,0.0,0.0,817.0,816.56,36.0,36.0,NVIDIA A10
"[[105, 199, 204], [113, 199, 204], [121, 199, 204]]",0,cuda,253526.28,2025-07-06T07:50:14.671232,2025-07-06T07:50:14.687467,56.1,56.1,0.0,0.0,839.0,838.07,36.0,36.0,NVIDIA A10
"[[105, 203, 208], [113, 203, 208], [121, 203, 208]]",0,cuda,252803.84,2025-07-06T07:50:24.698047,2025-07-06T07:50:24.714235,56.34,56.33,0.0,0.0,825.0,824.75,36.0,36.0,NVIDIA A10
"[[105, 207, 212], [113, 207, 212], [121, 207, 212]]",0,cuda,274730.12,2025-07-06T07:50:34.724899,2025-07-06T07:50:34.742490,56.15,56.15,0.0,0.0,849.0,848.34,36.0,36.0,NVIDIA A10
"[[105, 211, 216], [113, 211, 216], [121, 211, 216]]",0,cuda,282045.92,2025-07-06T07:50:44.753149,2025-07-06T07:50:44.771209,56.19,56.18,0.0,0.0,853.0,852.42,36.0,36.0,NVIDIA A10
"[[105, 215, 220], [113, 215, 220], [121, 215, 220]]",0,cuda,286687.66,2025-07-06T07:50:54.781747,2025-07-06T07:50:54.800110,56.1,56.1,0.0,0.0,837.0,836.78,36.0,36.0,NVIDIA A10
"[[105, 219, 224], [113, 219, 224], [121, 219, 224]]",0,cuda,301769.22,2025-07-06T07:51:04.810768,2025-07-06T07:51:04.830091,56.1,56.1,0.0,0.0,863.0,862.06,36.0,36.0,NVIDIA A10
"[[105, 223, 228], [113, 223, 228], [121, 223, 228]]",0,cuda,317210.22,2025-07-06T07:51:14.840673,2025-07-06T07:51:14.860983,56.34,56.33,0.0,0.0,867.0,865.96,36.0,36.0,NVIDIA A10
"[[105, 227, 232], [113, 227, 232], [121, 227, 232]]",0,cuda,326223.17,2025-07-06T07:51:24.871624,2025-07-06T07:51:24.892511,57.15,56.89,0.0,0.0,877.0,875.78,36.0,36.0,NVIDIA A10
"[[105, 231, 236], [113, 231, 236], [121, 231, 236]]",0,cuda,331034.44,2025-07-06T07:51:34.903163,2025-07-06T07:51:34.924359,56.2,56.2,0.0,0.0,855.0,854.55,36.0,36.0,NVIDIA A10
"[[105, 235, 240], [113, 235, 240], [121, 235, 240]]",0,cuda,347617.02,2025-07-06T07:51:44.935067,2025-07-06T07:51:44.957324,56.06,56.06,0.0,0.0,885.0,883.95,36.0,36.0,NVIDIA A10
"[[105, 239, 244], [113, 239, 244], [121, 239, 244]]",0,cuda,355123.67,2025-07-06T07:51:54.967986,2025-07-06T07:51:54.990723,56.89,56.3,0.0,0.0,865.0,864.58,36.0,36.0,NVIDIA A10
"[[105, 243, 248], [113, 243, 248], [121, 243, 248]]",0,cuda,372278.5,2025-07-06T07:52:05.001408,2025-07-06T07:52:05.025243,56.25,56.25,0.0,0.0,895.0,893.82,36.0,36.0,NVIDIA A10
"[[105, 247, 252], [113, 247, 252], [121, 247, 252]]",0,cuda,391600.19,2025-07-06T07:52:15.036442,2025-07-06T07:52:15.061513,56.05,56.05,0.0,0.0,905.0,903.67,36.0,36.0,NVIDIA A10
"[[105, 251, 256], [113, 251, 256], [121, 251, 256]]",0,cuda,379198.61,2025-07-06T07:52:25.072111,2025-07-06T07:52:25.096389,60.13,56.31,0.0,0.0,879.0,878.56,36.0,36.0,NVIDIA A10
"[[105, 255, 260], [113, 255, 260], [121, 255, 260]]",0,cuda,414800.59,2025-07-06T07:52:35.107038,2025-07-06T07:52:35.133594,55.96,55.96,0.0,0.0,913.0,911.77,36.0,36.0,NVIDIA A10
"[[105, 259, 264], [113, 259, 264], [121, 259, 264]]",0,cuda,409776.86,2025-07-06T07:52:45.144351,2025-07-06T07:52:45.170586,56.15,56.15,0.0,0.0,891.0,890.57,36.0,36.0,NVIDIA A10
"[[105, 263, 268], [113, 263, 268], [121, 263, 268]]",0,cuda,440218.03,2025-07-06T07:52:55.181301,2025-07-06T07:52:55.209484,56.5,56.29,0.0,0.0,927.0,925.77,36.0,36.0,NVIDIA A10
"[[105, 267, 272], [113, 267, 272], [121, 267, 272]]",0,cuda,433920.53,2025-07-06T07:53:05.220300,2025-07-06T07:53:05.248081,56.05,56.05,0.0,0.0,901.0,900.57,36.0,36.0,NVIDIA A10
"[[105, 271, 276], [113, 271, 276], [121, 271, 276]]",0,cuda,468425.73,2025-07-06T07:53:15.258778,2025-07-06T07:53:15.288766,56.18,56.18,0.0,0.0,941.0,939.84,36.0,36.0,NVIDIA A10
"[[105, 275, 280], [113, 275, 280], [121, 275, 280]]",0,cuda,474396.36,2025-07-06T07:53:25.299483,2025-07-06T07:53:25.329853,57.68,56.92,0.0,0.0,947.0,945.72,36.0,36.0,NVIDIA A10
"[[105, 279, 284], [113, 279, 284], [121, 279, 284]]",0,cuda,498469.48,2025-07-06T07:53:35.340537,2025-07-06T07:53:35.372448,56.4,56.4,0.0,0.0,959.0,957.38,36.0,36.0,NVIDIA A10
"[[105, 283, 288], [113, 283, 288], [121, 283, 288]]",0,cuda,483660.48,2025-07-06T07:53:45.383167,2025-07-06T07:53:45.414130,56.24,56.24,0.0,0.0,925.0,924.78,36.0,36.0,NVIDIA A10
"[[105, 287, 292], [113, 287, 292], [121, 287, 292]]",0,cuda,526695.75,2025-07-06T07:53:55.424840,2025-07-06T07:53:55.458558,57.45,57.45,0.0,0.0,969.0,967.45,36.0,36.0,NVIDIA A10
"[[105, 291, 296], [113, 291, 296], [121, 291, 296]]",0,cuda,532290.61,2025-07-06T07:54:05.469335,2025-07-06T07:54:05.503410,56.28,56.28,0.0,0.0,975.0,973.72,36.0,36.0,NVIDIA A10
"[[105, 295, 300], [113, 295, 300], [121, 295, 300]]",0,cuda,559106.78,2025-07-06T07:54:15.514153,2025-07-06T07:54:15.549958,57.59,56.95,0.0,0.0,987.0,985.23,36.0,36.0,NVIDIA A10
"[[105, 299, 304], [113, 299, 304], [121, 299, 304]]",0,cuda,547285.77,2025-07-06T07:54:25.561768,2025-07-06T07:54:25.596804,56.25,56.25,0.0,0.0,949.0,948.78,36.0,37.0,NVIDIA A10
"[[105, 303, 308], [113, 303, 308], [121, 303, 308]]",0,cuda,588191.34,2025-07-06T07:54:35.607595,2025-07-06T07:54:35.645249,56.99,56.42,0.0,0.0,997.0,995.38,36.0,36.0,NVIDIA A10
"[[105, 307, 312], [113, 307, 312], [121, 307, 312]]",0,cuda,591935.94,2025-07-06T07:54:45.656029,2025-07-06T07:54:45.693921,56.21,56.21,0.0,0.0,1005.0,1003.59,36.0,36.0,NVIDIA A10
"[[105, 311, 316], [113, 311, 316], [121, 311, 316]]",0,cuda,605072.14,2025-07-06T07:54:55.704713,2025-07-06T07:54:55.743448,62.36,56.4,0.0,0.0,971.0,970.79,36.0,36.0,NVIDIA A10
"[[105, 315, 320], [113, 315, 320], [121, 315, 320]]",0,cuda,611043.03,2025-07-06T07:55:05.754216,2025-07-06T07:55:05.793331,56.25,56.25,0.0,0.0,1023.0,1021.2,36.0,37.0,NVIDIA A10
"[[105, 319, 324], [113, 319, 324], [121, 319, 324]]",0,cuda,649895.59,2025-07-06T07:55:15.804273,2025-07-06T07:55:15.845876,56.2,56.2,0.0,0.0,1027.0,1025.39,36.0,36.0,NVIDIA A10
"[[105, 323, 328], [113, 323, 328], [121, 323, 328]]",0,cuda,652674.77,2025-07-06T07:55:25.856722,2025-07-06T07:55:25.898502,56.1,56.1,0.0,0.0,1037.0,1035.44,36.0,36.0,NVIDIA A10
"[[105, 327, 332], [113, 327, 332], [121, 327, 332]]",0,cuda,683452.34,2025-07-06T07:55:35.909380,2025-07-06T07:55:35.953129,56.15,56.15,0.0,0.0,1051.0,1049.3,36.0,36.0,NVIDIA A10
"[[105, 331, 336], [113, 331, 336], [121, 331, 336]]",0,cuda,665940.28,2025-07-06T07:55:45.964014,2025-07-06T07:55:46.006643,56.31,56.31,0.0,0.0,1003.0,1002.78,36.0,36.0,NVIDIA A10
"[[105, 335, 340], [113, 335, 340], [121, 335, 340]]",0,cuda,718165.66,2025-07-06T07:55:56.017518,2025-07-06T07:55:56.063490,57.89,56.3,0.0,0.0,1061.0,1059.42,36.0,36.0,NVIDIA A10
"[[105, 339, 344], [113, 339, 344], [121, 339, 344]]",0,cuda,707594.83,2025-07-06T07:56:06.074408,2025-07-06T07:56:06.119703,56.2,56.21,0.0,0.0,1017.0,1016.57,36.0,37.0,NVIDIA A10
"[[105, 343, 348], [113, 343, 348], [121, 343, 348]]",0,cuda,750445.75,2025-07-06T07:56:16.130581,2025-07-06T07:56:16.178619,56.7,56.0,0.0,0.0,1077.0,1075.24,36.0,36.0,NVIDIA A10
"[[105, 347, 352], [113, 347, 352], [121, 347, 352]]",0,cuda,744175.72,2025-07-06T07:56:26.189576,2025-07-06T07:56:26.237216,56.11,56.11,0.0,0.0,1083.0,1081.58,36.0,36.0,NVIDIA A10
"[[105, 351, 356], [113, 351, 356], [121, 351, 356]]",0,cuda,774281.61,2025-07-06T07:56:36.248325,2025-07-06T07:56:36.297889,56.3,56.24,0.0,0.0,1039.0,1038.59,36.0,36.0,NVIDIA A10
"[[105, 355, 360], [113, 355, 360], [121, 355, 360]]",0,cuda,788109.84,2025-07-06T07:56:46.308770,2025-07-06T07:56:46.359218,56.11,56.11,0.0,0.0,1103.0,1101.29,36.0,36.0,NVIDIA A10
"[[105, 359, 364], [113, 359, 364], [121, 359, 364]]",0,cuda,837110.95,2025-07-06T07:56:56.370137,2025-07-06T07:56:56.423722,58.77,58.21,0.0,0.0,1111.0,1109.68,36.0,38.0,NVIDIA A10
"[[105, 363, 368], [113, 363, 368], [121, 363, 368]]",0,cuda,806576.61,2025-07-06T07:57:06.434687,2025-07-06T07:57:06.486318,57.25,56.12,0.0,0.0,1063.0,1062.57,36.0,36.0,NVIDIA A10
"[[105, 367, 372], [113, 367, 372], [121, 367, 372]]",0,cuda,862032.66,2025-07-06T07:57:16.497278,2025-07-06T07:57:16.552458,56.1,56.1,0.0,0.0,1131.0,1129.33,36.44,37.0,NVIDIA A10
"[[105, 371, 376], [113, 371, 376], [121, 371, 376]]",0,cuda,860222.17,2025-07-06T07:57:26.563510,2025-07-06T07:57:26.618573,67.03,61.59,34.0,4.26,1139.0,1137.35,36.0,36.0,NVIDIA A10
"[[105, 375, 380], [113, 375, 380], [121, 375, 380]]",0,cuda,899809.89,2025-07-06T07:57:36.629563,2025-07-06T07:57:36.687160,56.16,56.16,0.0,0.0,1149.0,1147.47,36.0,36.0,NVIDIA A10
"[[105, 379, 384], [113, 379, 384], [121, 379, 384]]",0,cuda,873600.53,2025-07-06T07:57:46.698179,2025-07-06T07:57:46.754098,59.06,59.06,0.0,0.0,1165.0,1163.21,36.0,37.0,NVIDIA A10
"[[105, 383, 388], [113, 383, 388], [121, 383, 388]]",0,cuda,937923.95,2025-07-06T07:57:56.765085,2025-07-06T07:57:56.825122,58.86,57.36,74.0,4.56,1173.0,1171.24,36.0,36.0,NVIDIA A10
"[[105, 387, 392], [113, 387, 392], [121, 387, 392]]",0,cuda,953172.94,2025-07-06T07:58:06.836098,2025-07-06T07:58:06.897113,56.16,56.15,0.0,0.0,1181.0,1178.13,36.0,36.0,NVIDIA A10
"[[105, 391, 396], [113, 391, 396], [121, 391, 396]]",0,cuda,991719.22,2025-07-06T07:58:16.908369,2025-07-06T07:58:16.971848,57.98,57.97,0.0,0.0,1187.0,1184.47,36.0,37.0,NVIDIA A10
"[[105, 395, 400], [113, 395, 400], [121, 395, 400]]",0,cuda,986255.45,2025-07-06T07:58:26.982864,2025-07-06T07:58:27.045993,57.25,56.81,0.0,0.0,1199.0,1196.02,36.0,36.0,NVIDIA A10
"[[105, 399, 404], [113, 399, 404], [121, 399, 404]]",0,cuda,1029947.75,2025-07-06T07:58:37.057035,2025-07-06T07:58:37.122960,128.07,57.16,0.0,0.0,1207.0,1204.65,36.0,36.0,NVIDIA A10
"[[105, 403, 408], [113, 403, 408], [121, 403, 408]]",0,cuda,1000633.23,2025-07-06T07:58:47.133919,2025-07-06T07:58:47.197969,56.25,56.25,0.0,0.0,1147.0,1146.57,36.0,37.0,NVIDIA A10
"[[105, 407, 412], [113, 407, 412], [121, 407, 412]]",0,cuda,1076800.45,2025-07-06T07:58:57.209044,2025-07-06T07:58:57.277967,58.85,58.42,0.0,0.0,1229.0,1226.14,36.0,38.0,NVIDIA A10
"[[105, 411, 416], [113, 411, 416], [121, 411, 416]]",0,cuda,1052752.75,2025-07-06T07:59:07.289005,2025-07-06T07:59:07.356390,58.28,57.28,0.0,0.0,1237.0,1234.04,36.0,36.0,NVIDIA A10
"[[105, 415, 420], [113, 415, 420], [121, 415, 420]]",0,cuda,1120665.53,2025-07-06T07:59:17.367433,2025-07-06T07:59:17.439164,58.13,56.53,0.0,0.0,1245.0,1242.33,36.0,36.0,NVIDIA A10
"[[105, 419, 424], [113, 419, 424], [121, 419, 424]]",0,cuda,1113766.5,2025-07-06T07:59:27.450228,2025-07-06T07:59:27.521519,56.1,56.1,0.0,0.0,1259.0,1256.03,36.0,37.0,NVIDIA A10
"[[105, 423, 428], [113, 423, 428], [121, 423, 428]]",0,cuda,1166114.27,2025-07-06T07:59:37.532671,2025-07-06T07:59:37.607311,56.26,56.15,0.0,0.0,1267.0,1264.4,36.0,37.0,NVIDIA A10
"[[105, 427, 432], [113, 427, 432], [121, 427, 432]]",0,cuda,1153307.44,2025-07-06T07:59:47.618422,2025-07-06T07:59:47.692247,59.1,58.36,78.0,36.46,1285.0,1281.95,36.0,38.0,NVIDIA A10
"[[105, 431, 436], [113, 431, 436], [121, 431, 436]]",0,cuda,1207493.98,2025-07-06T07:59:57.703855,2025-07-06T07:59:57.781144,60.55,58.56,0.0,0.0,1293.0,1290.16,36.03,38.0,NVIDIA A10
"[[105, 435, 440], [113, 435, 440], [121, 435, 440]]",0,cuda,1196214.98,2025-07-06T08:00:07.792214,2025-07-06T08:00:07.868780,62.2,58.05,85.0,3.87,1301.0,1297.98,36.0,36.0,NVIDIA A10
"[[105, 439, 444], [113, 439, 444], [121, 439, 444]]",0,cuda,1251198.92,2025-07-06T08:00:17.879925,2025-07-06T08:00:17.960010,63.25,57.24,0.0,0.0,1309.0,1306.24,36.0,36.0,NVIDIA A10
"[[105, 443, 448], [113, 443, 448], [121, 443, 448]]",0,cuda,1207315.94,2025-07-06T08:00:27.971174,2025-07-06T08:00:28.048451,56.2,56.2,0.0,0.0,1321.0,1317.94,36.0,36.0,NVIDIA A10
"[[105, 447, 452], [113, 447, 452], [121, 447, 452]]",0,cuda,1292794.81,2025-07-06T08:00:38.059598,2025-07-06T08:00:38.142346,56.06,56.06,0.0,0.0,1329.0,1326.39,36.0,37.0,NVIDIA A10
"[[105, 451, 456], [113, 451, 456], [121, 451, 456]]",0,cuda,1284701.56,2025-07-06T08:00:48.153482,2025-07-06T08:00:48.235712,56.35,56.27,0.0,0.0,1349.0,1345.98,36.0,37.0,NVIDIA A10
"[[105, 455, 460], [113, 455, 460], [121, 455, 460]]",0,cuda,1345412.64,2025-07-06T08:00:58.246922,2025-07-06T08:00:58.333037,58.81,58.42,0.0,0.0,1359.0,1356.15,36.0,36.0,NVIDIA A10
"[[105, 459, 464], [113, 459, 464], [121, 459, 464]]",0,cuda,1322299.02,2025-07-06T08:01:08.344375,2025-07-06T08:01:08.429012,56.54,56.21,0.0,0.0,1367.0,1363.97,36.0,36.0,NVIDIA A10
"[[105, 463, 468], [113, 463, 468], [121, 463, 468]]",0,cuda,1393929.5,2025-07-06T08:01:18.440200,2025-07-06T08:01:18.529423,58.73,57.95,0.0,0.0,1377.0,1374.31,36.0,38.0,NVIDIA A10
"[[105, 467, 472], [113, 467, 472], [121, 467, 472]]",0,cuda,1352383.56,2025-07-06T08:01:28.540861,2025-07-06T08:01:28.627423,63.87,57.9,0.0,0.0,1289.0,1288.58,36.0,38.0,NVIDIA A10
"[[105, 471, 476], [113, 471, 476], [121, 471, 476]]",0,cuda,1434906.12,2025-07-06T08:01:38.638690,2025-07-06T08:01:38.730533,58.27,57.52,0.0,0.0,1397.0,1393.87,36.0,38.0,NVIDIA A10
"[[105, 475, 480], [113, 475, 480], [121, 475, 480]]",0,cuda,1396744.66,2025-07-06T08:01:48.741879,2025-07-06T08:01:48.831279,57.43,56.94,0.0,0.0,1407.0,1404.31,36.0,36.0,NVIDIA A10
"[[105, 479, 484], [113, 479, 484], [121, 479, 484]]",0,cuda,1489315.69,2025-07-06T08:01:58.842561,2025-07-06T08:01:58.937887,56.34,56.32,0.0,0.0,1429.0,1426.01,36.0,38.0,NVIDIA A10
"[[105, 483, 488], [113, 483, 488], [121, 483, 488]]",0,cuda,1457340.0,2025-07-06T08:02:08.949563,2025-07-06T08:02:09.042842,59.81,58.51,0.0,0.0,1439.0,1437.27,36.0,38.0,NVIDIA A10
"[[105, 487, 492], [113, 487, 492], [121, 487, 492]]",0,cuda,1542183.2,2025-07-06T08:02:19.054126,2025-07-06T08:02:19.152834,59.9,58.7,0.0,0.0,1447.0,1444.14,36.0,38.0,NVIDIA A10
"[[105, 491, 496], [113, 491, 496], [121, 491, 496]]",0,cuda,1511427.47,2025-07-06T08:02:29.164138,2025-07-06T08:02:29.260878,59.67,58.82,0.0,0.0,1457.0,1454.16,36.66,38.0,NVIDIA A10
"[[105, 495, 500], [113, 495, 500], [121, 495, 500]]",0,cuda,1593877.27,2025-07-06T08:02:39.272181,2025-07-06T08:02:39.374197,60.48,59.64,77.0,46.56,1475.0,1472.09,36.82,38.0,NVIDIA A10
"[[105, 499, 504], [113, 499, 504], [121, 499, 504]]",0,cuda,1572421.67,2025-07-06T08:02:49.385521,2025-07-06T08:02:49.486169,59.09,58.8,0.0,0.0,1483.0,1480.53,36.5,38.0,NVIDIA A10
"[[105, 503, 508], [113, 503, 508], [121, 503, 508]]",0,cuda,1617803.62,2025-07-06T08:02:59.497713,2025-07-06T08:02:59.601262,156.83,57.96,0.0,0.0,1389.0,1388.79,36.61,37.0,NVIDIA A10
"[[105, 507, 512], [113, 507, 512], [121, 507, 512]]",0,cuda,1551838.94,2025-07-06T08:03:09.612536,2025-07-06T08:03:09.711862,162.38,56.89,0.0,0.0,1513.0,1511.35,36.0,36.0,NVIDIA A10
"[[105, 511, 516], [113, 511, 516], [121, 511, 516]]",0,cuda,1697585.08,2025-07-06T08:03:19.723238,2025-07-06T08:03:19.831893,66.59,58.76,0.0,0.0,1523.0,1520.25,36.0,36.0,NVIDIA A10
"[[105, 515, 520], [113, 515, 520], [121, 515, 520]]",0,cuda,1674487.98,2025-07-06T08:03:29.843254,2025-07-06T08:03:29.950431,62.34,58.49,83.0,15.29,1533.0,1530.04,36.02,38.0,NVIDIA A10
"[[105, 519, 524], [113, 519, 524], [121, 519, 524]]",0,cuda,1731162.25,2025-07-06T08:03:39.961933,2025-07-06T08:03:40.072736,63.47,60.23,0.0,0.0,1541.0,1539.55,36.18,37.0,NVIDIA A10
"[[105, 523, 528], [113, 523, 528], [121, 523, 528]]",0,cuda,1716228.31,2025-07-06T08:03:50.084365,2025-07-06T08:03:50.194213,59.71,58.7,0.0,0.0,1559.0,1555.98,36.34,38.0,NVIDIA A10
"[[105, 527, 532], [113, 527, 532], [121, 527, 532]]",0,cuda,1801769.8,2025-07-06T08:04:00.205775,2025-07-06T08:04:00.321097,62.75,56.29,0.0,0.0,1569.0,1566.59,36.0,37.0,NVIDIA A10
"[[105, 531, 536], [113, 531, 536], [121, 531, 536]]",0,cuda,1776024.88,2025-07-06T08:04:10.332579,2025-07-06T08:04:10.446257,61.77,57.33,0.0,0.0,1595.0,1592.04,36.0,36.0,NVIDIA A10
"[[105, 535, 540], [113, 535, 540], [121, 535, 540]]",0,cuda,1858950.72,2025-07-06T08:04:20.457994,2025-07-06T08:04:20.576976,58.97,57.36,58.0,14.18,1603.0,1600.01,36.18,38.0,NVIDIA A10
"[[105, 539, 544], [113, 539, 544], [121, 539, 544]]",0,cuda,1791823.59,2025-07-06T08:04:30.588462,2025-07-06T08:04:30.703148,65.44,57.45,0.0,0.0,1613.0,1609.95,36.0,36.0,NVIDIA A10
"[[105, 543, 548], [113, 543, 548], [121, 543, 548]]",0,cuda,1917314.61,2025-07-06T08:04:40.714736,2025-07-06T08:04:40.837453,61.85,57.62,0.0,0.0,1623.0,1620.3,36.0,38.0,NVIDIA A10
"[[105, 547, 552], [113, 547, 552], [121, 547, 552]]",0,cuda,1889230.05,2025-07-06T08:04:50.849044,2025-07-06T08:04:50.969963,69.23,56.59,100.0,11.64,1641.0,1638.0,36.0,37.0,NVIDIA A10
"[[105, 551, 556], [113, 551, 556], [121, 551, 556]]",0,cuda,1978709.2,2025-07-06T08:05:00.981578,2025-07-06T08:05:01.108224,60.58,58.44,0.0,0.0,1651.0,1648.09,36.67,39.0,NVIDIA A10
"[[105, 555, 560], [113, 555, 560], [121, 555, 560]]",0,cuda,1924001.44,2025-07-06T08:05:11.119777,2025-07-06T08:05:11.242921,62.15,59.77,77.0,49.84,1659.0,1656.47,36.99,38.0,NVIDIA A10
"[[105, 559, 564], [113, 559, 564], [121, 559, 564]]",0,cuda,2030848.92,2025-07-06T08:05:21.254578,2025-07-06T08:05:21.384561,65.5,58.95,91.0,11.71,1687.0,1684.14,36.76,37.0,NVIDIA A10
"[[105, 563, 568], [113, 563, 568], [121, 563, 568]]",0,cuda,1995905.34,2025-07-06T08:05:31.396187,2025-07-06T08:05:31.523938,63.28,60.28,0.0,0.0,1697.0,1693.99,36.53,38.0,NVIDIA A10
"[[105, 567, 572], [113, 567, 572], [121, 567, 572]]",0,cuda,2088026.94,2025-07-06T08:05:41.535891,2025-07-06T08:05:41.669534,69.45,61.16,25.0,18.09,1707.0,1704.07,36.58,37.0,NVIDIA A10
"[[105, 571, 576], [113, 571, 576], [121, 571, 576]]",0,cuda,1985214.89,2025-07-06T08:05:51.681242,2025-07-06T08:05:51.808305,63.2,59.02,86.0,21.87,1717.0,1713.98,36.19,38.0,NVIDIA A10
"[[105, 575, 580], [113, 575, 580], [121, 575, 580]]",0,cuda,2146831.31,2025-07-06T08:06:01.819942,2025-07-06T08:06:01.957348,60.41,59.17,0.0,0.0,1727.0,1724.46,36.84,38.0,NVIDIA A10
"[[105, 579, 584], [113, 579, 584], [121, 579, 584]]",0,cuda,2108058.34,2025-07-06T08:06:11.969064,2025-07-06T08:06:12.103988,63.33,58.37,0.0,0.0,1749.0,1746.35,36.01,38.0,NVIDIA A10
"[[105, 583, 588], [113, 583, 588], [121, 583, 588]]",0,cuda,2209665.98,2025-07-06T08:06:22.115682,2025-07-06T08:06:22.257110,58.38,57.57,55.0,27.59,1761.0,1758.42,36.72,38.0,NVIDIA A10
"[[105, 587, 592], [113, 587, 592], [121, 587, 592]]",0,cuda,2148794.19,2025-07-06T08:06:32.268784,2025-07-06T08:06:32.406316,67.05,59.19,55.0,6.7,1793.0,1790.04,36.0,36.0,NVIDIA A10
"[[105, 591, 596], [113, 591, 596], [121, 591, 596]]",0,cuda,2271961.36,2025-07-06T08:06:42.418056,2025-07-06T08:06:42.563470,67.89,63.48,0.0,0.0,1803.0,1800.17,36.7,38.0,NVIDIA A10
"[[105, 595, 600], [113, 595, 600], [121, 595, 600]]",0,cuda,2234425.89,2025-07-06T08:06:52.575272,2025-07-06T08:06:52.718288,67.36,59.51,0.0,0.0,1813.0,1810.03,36.03,38.0,NVIDIA A10
"[[105, 599, 604], [113, 599, 604], [121, 599, 604]]",0,cuda,2326483.11,2025-07-06T08:07:02.730441,2025-07-06T08:07:02.879345,60.91,59.37,0.0,0.0,1823.0,1820.16,36.0,36.0,NVIDIA A10
"[[105, 603, 608], [113, 603, 608], [121, 603, 608]]",0,cuda,2236313.98,2025-07-06T08:07:12.891184,2025-07-06T08:07:13.034317,145.11,58.2,69.0,14.29,1835.0,1832.26,36.16,38.0,NVIDIA A10
"[[105, 607, 612], [113, 607, 612], [121, 607, 612]]",0,cuda,2392201.22,2025-07-06T08:07:23.046157,2025-07-06T08:07:23.199267,65.01,60.1,0.0,0.0,1855.0,1852.15,36.0,38.0,NVIDIA A10
"[[105, 611, 616], [113, 611, 616], [121, 611, 616]]",0,cuda,2351539.06,2025-07-06T08:07:33.211158,2025-07-06T08:07:33.361665,60.04,58.05,19.0,19.0,1865.0,1862.09,36.0,36.0,NVIDIA A10
"[[105, 615, 620], [113, 615, 620], [121, 615, 620]]",0,cuda,2460177.78,2025-07-06T08:07:43.373666,2025-07-06T08:07:43.531126,63.59,61.09,79.0,59.03,1875.0,1872.43,37.24,38.0,NVIDIA A10
"[[105, 619, 624], [113, 619, 624], [121, 619, 624]]",0,cuda,2393514.11,2025-07-06T08:07:53.543027,2025-07-06T08:07:53.696220,174.11,61.33,87.0,44.86,1909.0,1906.26,36.77,38.0,NVIDIA A10
"[[105, 623, 628], [113, 623, 628], [121, 623, 628]]",0,cuda,2532009.75,2025-07-06T08:08:03.708142,2025-07-06T08:08:03.870203,63.29,59.37,88.0,26.69,1921.0,1918.17,37.16,39.0,NVIDIA A10
"[[105, 627, 632], [113, 627, 632], [121, 627, 632]]",0,cuda,2478041.22,2025-07-06T08:08:13.882526,2025-07-06T08:08:14.041129,65.64,59.98,100.0,9.66,1933.0,1929.96,37.21,38.0,NVIDIA A10
"[[105, 631, 636], [113, 631, 636], [121, 631, 636]]",0,cuda,2595162.14,2025-07-06T08:08:24.053119,2025-07-06T08:08:24.219219,175.84,60.19,0.0,0.0,1943.0,1940.16,36.86,38.0,NVIDIA A10
"[[105, 635, 640], [113, 635, 640], [121, 635, 640]]",0,cuda,2440239.2,2025-07-06T08:08:34.231266,2025-07-06T08:08:34.387451,62.92,59.45,0.0,0.0,1953.0,1950.05,36.47,38.0,NVIDIA A10
"[[105, 639, 644], [113, 639, 644], [121, 639, 644]]",0,cuda,2656782.12,2025-07-06T08:08:44.399372,2025-07-06T08:08:44.569415,70.54,59.78,0.0,0.0,1977.0,1974.18,36.26,39.0,NVIDIA A10
"[[105, 643, 648], [113, 643, 648], [121, 643, 648]]",0,cuda,2603592.36,2025-07-06T08:08:54.581421,2025-07-06T08:08:54.748059,67.93,59.33,3.0,1.97,1989.0,1985.99,36.55,37.0,NVIDIA A10
"[[105, 647, 652], [113, 647, 652], [121, 647, 652]]",0,cuda,2726230.42,2025-07-06T08:09:04.760231,2025-07-06T08:09:04.934719,130.51,62.32,71.0,37.6,2001.0,1998.45,36.84,38.0,NVIDIA A10
"[[105, 651, 656], [113, 651, 656], [121, 651, 656]]",0,cuda,2648067.27,2025-07-06T08:09:14.946683,2025-07-06T08:09:15.116172,63.64,60.13,31.0,12.71,2039.0,2036.0,36.6,38.0,NVIDIA A10
"[[105, 655, 660], [113, 655, 660], [121, 655, 660]]",0,cuda,2797848.73,2025-07-06T08:09:25.128471,2025-07-06T08:09:25.307542,65.46,64.1,84.0,27.39,2049.0,2046.16,36.43,38.0,NVIDIA A10
"[[105, 659, 664], [113, 659, 664], [121, 659, 664]]",0,cuda,2735317.72,2025-07-06T08:09:35.319604,2025-07-06T08:09:35.494673,65.66,63.44,86.0,20.85,2059.0,2056.09,36.26,38.0,NVIDIA A10
"[[105, 663, 668], [113, 663, 668], [121, 663, 668]]",0,cuda,2864817.97,2025-07-06T08:09:45.506972,2025-07-06T08:09:45.690330,70.24,65.14,88.0,16.61,2073.0,2070.19,36.16,38.0,NVIDIA A10
"[[105, 667, 672], [113, 667, 672], [121, 667, 672]]",0,cuda,2734164.77,2025-07-06T08:09:55.702532,2025-07-06T08:09:55.877527,65.61,61.66,100.0,10.49,2085.0,2082.0,36.0,36.0,NVIDIA A10
"[[105, 671, 676], [113, 671, 676], [121, 671, 676]]",0,cuda,2941917.2,2025-07-06T08:10:05.889643,2025-07-06T08:10:06.077935,62.06,57.36,100.0,7.98,2097.0,2094.35,36.51,37.0,NVIDIA A10
"[[105, 675, 680], [113, 675, 680], [121, 675, 680]]",0,cuda,2879216.12,2025-07-06T08:10:16.090115,2025-07-06T08:10:16.274394,66.08,60.97,100.0,4.51,2121.0,2118.01,37.44,39.0,NVIDIA A10
"[[105, 679, 684], [113, 679, 684], [121, 679, 684]]",0,cuda,3016841.64,2025-07-06T08:10:26.286609,2025-07-06T08:10:26.479696,70.21,63.17,100.0,5.22,2135.0,2132.43,37.41,39.0,NVIDIA A10
"[[105, 683, 688], [113, 683, 688], [121, 683, 688]]",0,cuda,2910661.44,2025-07-06T08:10:36.491968,2025-07-06T08:10:36.678264,153.02,62.95,100.0,2.69,2173.0,2169.97,37.37,39.0,NVIDIA A10
"[[105, 687, 692], [113, 687, 692], [121, 687, 692]]",0,cuda,3085863.0,2025-07-06T08:10:46.690999,2025-07-06T08:10:46.888503,69.72,62.66,100.0,5.99,2185.0,2182.17,36.94,38.0,NVIDIA A10
"[[105, 691, 696], [113, 691, 696], [121, 691, 696]]",0,cuda,3002704.59,2025-07-06T08:10:56.900842,2025-07-06T08:10:57.093024,178.68,65.43,100.0,6.7,2195.0,2192.0,36.96,38.0,NVIDIA A10
"[[105, 695, 700], [113, 695, 700], [121, 695, 700]]",0,cuda,3150751.08,2025-07-06T08:11:07.105306,2025-07-06T08:11:07.306962,69.13,62.62,100.0,11.59,2209.0,2206.12,37.05,39.0,NVIDIA A10
"[[105, 699, 704], [113, 699, 704], [121, 699, 704]]",0,cuda,2965406.16,2025-07-06T08:11:17.319359,2025-07-06T08:11:17.509154,66.14,60.73,100.0,10.85,2223.0,2220.02,37.08,39.0,NVIDIA A10
"[[105, 703, 708], [113, 703, 708], [121, 703, 708]]",0,cuda,3219538.83,2025-07-06T08:11:27.521575,2025-07-06T08:11:27.727634,155.07,61.37,100.0,16.8,2247.0,2244.14,37.21,39.0,NVIDIA A10
"[[105, 707, 712], [113, 707, 712], [121, 707, 712]]",0,cuda,3143857.59,2025-07-06T08:11:37.739974,2025-07-06T08:11:37.941189,66.53,61.99,91.0,21.11,2261.0,2258.28,36.9,39.0,NVIDIA A10
"[[105, 711, 716], [113, 711, 716], [121, 711, 716]]",0,cuda,3307523.7,2025-07-06T08:11:47.953593,2025-07-06T08:11:48.165287,65.01,61.55,89.0,28.45,2275.0,2272.09,36.67,39.0,NVIDIA A10
"[[105, 715, 720], [113, 715, 720], [121, 715, 720]]",0,cuda,3188932.55,2025-07-06T08:11:58.177971,2025-07-06T08:11:58.382072,153.9,62.28,83.0,33.26,2285.0,2282.04,36.6,38.0,NVIDIA A10
"[[105, 719, 724], [113, 719, 724], [121, 719, 724]]",0,cuda,3379351.36,2025-07-06T08:12:08.394671,2025-07-06T08:12:08.610958,158.48,61.0,73.0,36.08,2299.0,2296.49,36.8,38.0,NVIDIA A10
"[[105, 723, 728], [113, 723, 728], [121, 723, 728]]",0,cuda,3298513.47,2025-07-06T08:12:18.623428,2025-07-06T08:12:18.834542,66.35,60.26,100.0,59.73,2343.0,2339.98,36.57,39.0,NVIDIA A10
"[[105, 727, 732], [113, 727, 732], [121, 727, 732]]",0,cuda,3454169.17,2025-07-06T08:12:28.847029,2025-07-06T08:12:29.068105,64.18,58.98,0.0,0.0,2355.0,2352.18,36.49,39.0,NVIDIA A10
"[[105, 731, 736], [113, 731, 736], [121, 731, 736]]",0,cuda,3285789.2,2025-07-06T08:12:39.080651,2025-07-06T08:12:39.290950,61.82,60.4,80.0,67.05,2367.0,2363.98,36.54,38.0,NVIDIA A10
"[[105, 735, 740], [113, 735, 740], [121, 735, 740]]",0,cuda,3539176.94,2025-07-06T08:12:49.303406,2025-07-06T08:12:49.529922,66.8,59.32,100.0,47.27,2381.0,2378.08,38.11,39.0,NVIDIA A10
"[[105, 739, 744], [113, 739, 744], [121, 739, 744]]",0,cuda,3450112.16,2025-07-06T08:12:59.542364,2025-07-06T08:12:59.763181,70.89,64.11,100.0,18.65,2393.0,2390.09,37.65,39.0,NVIDIA A10
"[[105, 743, 748], [113, 743, 748], [121, 743, 748]]",0,cuda,3619107.36,2025-07-06T08:13:09.775810,2025-07-06T08:13:10.007445,73.93,63.93,100.0,35.61,2407.0,2404.54,37.67,39.0,NVIDIA A10
"[[105, 747, 752], [113, 747, 752], [121, 747, 752]]",0,cuda,3488850.55,2025-07-06T08:13:20.020409,2025-07-06T08:13:20.243704,75.85,64.18,90.0,45.98,2437.0,2434.04,37.73,39.0,NVIDIA A10
"[[105, 751, 756], [113, 751, 756], [121, 751, 756]]",0,cuda,3701775.08,2025-07-06T08:13:30.256315,2025-07-06T08:13:30.493238,69.55,63.68,83.0,56.4,2451.0,2448.45,37.36,39.0,NVIDIA A10
"[[105, 755, 760], [113, 755, 760], [121, 755, 760]]",0,cuda,3610238.48,2025-07-06T08:13:40.505936,2025-07-06T08:13:40.737000,69.66,60.68,100.0,0.05,2499.0,2496.08,37.48,39.0,NVIDIA A10
"[[105, 759, 764], [113, 759, 764], [121, 759, 764]]",0,cuda,3773360.97,2025-07-06T08:13:50.749722,2025-07-06T08:13:50.991226,69.51,63.0,100.0,21.54,2509.0,2506.12,37.22,39.0,NVIDIA A10
"[[105, 763, 768], [113, 763, 768], [121, 763, 768]]",0,cuda,3518385.89,2025-07-06T08:14:01.003991,2025-07-06T08:14:01.229177,73.74,62.78,91.0,34.25,2523.0,2519.86,37.33,39.0,NVIDIA A10
"[[105, 767, 772], [113, 767, 772], [121, 767, 772]]",0,cuda,3845473.91,2025-07-06T08:14:11.241872,2025-07-06T08:14:11.487991,69.66,62.38,84.0,48.33,2537.0,2534.11,37.08,39.0,NVIDIA A10
"[[105, 771, 776], [113, 771, 776], [121, 771, 776]]",0,cuda,3748149.2,2025-07-06T08:14:21.500719,2025-07-06T08:14:21.740613,162.59,62.9,0.0,0.0,2551.0,2548.01,36.89,39.0,NVIDIA A10
"[[105, 775, 780], [113, 775, 780], [121, 775, 780]]",0,cuda,3930186.58,2025-07-06T08:14:31.753645,2025-07-06T08:14:32.005185,71.86,63.4,100.0,19.97,2565.0,2562.26,37.17,39.0,NVIDIA A10
"[[105, 779, 784], [113, 779, 784], [121, 779, 784]]",0,cuda,3791603.62,2025-07-06T08:14:42.018004,2025-07-06T08:14:42.260675,152.34,63.29,87.0,37.05,2595.0,2592.17,37.05,39.0,NVIDIA A10
"[[105, 783, 788], [113, 783, 788], [121, 783, 788]]",0,cuda,4013231.91,2025-07-06T08:14:52.273653,2025-07-06T08:14:52.530508,63.05,58.74,3.0,1.98,2609.0,2606.11,36.98,39.0,NVIDIA A10
"[[105, 787, 792], [113, 787, 792], [121, 787, 792]]",0,cuda,3905453.7,2025-07-06T08:15:02.543423,2025-07-06T08:15:02.793381,69.29,63.82,100.0,68.46,2625.0,2621.97,36.9,39.0,NVIDIA A10
"[[105, 791, 796], [113, 791, 796], [121, 791, 796]]",0,cuda,4094009.31,2025-07-06T08:15:12.806226,2025-07-06T08:15:13.068252,152.53,63.29,100.0,38.21,2639.0,2636.11,36.94,39.0,NVIDIA A10
"[[105, 795, 800], [113, 795, 800], [121, 795, 800]]",0,cuda,3880392.62,2025-07-06T08:15:23.081200,2025-07-06T08:15:23.329554,66.79,61.78,90.0,57.66,2653.0,2650.27,38.09,39.0,NVIDIA A10
"[[105, 799, 804], [113, 799, 804], [121, 799, 804]]",0,cuda,4193625.88,2025-07-06T08:15:33.342599,2025-07-06T08:15:33.611000,73.49,66.86,100.0,56.98,2705.0,2702.18,38.13,40.0,NVIDIA A10
"[[105, 803, 808], [113, 803, 808], [121, 803, 808]]",0,cuda,4078412.39,2025-07-06T08:15:43.623969,2025-07-06T08:15:43.885001,84.87,71.06,100.0,41.13,2719.0,2716.02,37.77,39.0,NVIDIA A10
"[[105, 807, 812], [113, 807, 812], [121, 807, 812]]",0,cuda,4285903.47,2025-07-06T08:15:53.898392,2025-07-06T08:15:54.172699,76.17,66.48,85.0,59.6,2733.0,2730.14,37.52,39.0,NVIDIA A10
"[[105, 811, 816], [113, 811, 816], [121, 811, 816]]",0,cuda,4103086.81,2025-07-06T08:16:04.185782,2025-07-06T08:16:04.448389,152.53,62.83,100.0,24.13,2747.0,2744.03,38.02,39.0,NVIDIA A10
"[[105, 815, 820], [113, 815, 820], [121, 815, 820]]",0,cuda,4362616.06,2025-07-06T08:16:14.461690,2025-07-06T08:16:14.740907,73.02,67.68,90.0,49.29,2763.0,2760.21,37.79,39.0,NVIDIA A10
"[[105, 819, 824], [113, 819, 824], [121, 819, 824]]",0,cuda,4223724.33,2025-07-06T08:16:24.754056,2025-07-06T08:16:25.024384,153.31,67.57,100.0,12.08,2777.0,2774.0,37.62,39.0,NVIDIA A10
"[[105, 823, 828], [113, 823, 828], [121, 823, 828]]",0,cuda,4434500.83,2025-07-06T08:16:35.037518,2025-07-06T08:16:35.321334,75.3,66.18,97.0,42.7,2791.0,2788.26,37.49,40.0,NVIDIA A10
"[[105, 827, 832], [113, 827, 832], [121, 827, 832]]",0,cuda,4147014.2,2025-07-06T08:16:45.334495,2025-07-06T08:16:45.599913,73.72,65.95,100.0,24.54,2825.0,2821.96,37.29,39.0,NVIDIA A10
"[[105, 831, 836], [113, 831, 836], [121, 831, 836]]",0,cuda,4517964.86,2025-07-06T08:16:55.613182,2025-07-06T08:16:55.902340,88.76,71.85,100.0,34.09,2841.0,2838.41,37.9,39.0,NVIDIA A10
"[[105, 835, 840], [113, 835, 840], [121, 835, 840]]",0,cuda,4391837.02,2025-07-06T08:17:05.915558,2025-07-06T08:17:06.196647,154.78,66.08,55.0,37.37,2895.0,2892.2,37.47,39.0,NVIDIA A10
"[[105, 839, 844], [113, 839, 844], [121, 839, 844]]",0,cuda,4631676.34,2025-07-06T08:17:16.210106,2025-07-06T08:17:16.506542,81.29,63.57,100.0,32.51,2909.0,2906.12,37.8,39.0,NVIDIA A10
"[[105, 843, 848], [113, 843, 848], [121, 843, 848]]",0,cuda,4440887.95,2025-07-06T08:17:26.519794,2025-07-06T08:17:26.804020,92.24,76.69,29.0,19.54,2925.0,2922.24,37.46,39.0,NVIDIA A10
"[[105, 847, 852], [113, 847, 852], [121, 847, 852]]",0,cuda,4718519.59,2025-07-06T08:17:36.817253,2025-07-06T08:17:37.119248,77.16,61.43,100.0,34.19,2939.0,2936.22,37.16,39.0,NVIDIA A10
"[[105, 851, 856], [113, 851, 856], [121, 851, 856]]",0,cuda,4582702.66,2025-07-06T08:17:47.132579,2025-07-06T08:17:47.425881,72.47,61.9,100.0,64.46,2957.0,2954.22,37.91,39.0,NVIDIA A10
"[[105, 855, 860], [113, 855, 860], [121, 855, 860]]",0,cuda,4799070.28,2025-07-06T08:17:57.439447,2025-07-06T08:17:57.746596,72.39,63.21,100.0,39.88,2971.0,2968.31,38.32,40.0,NVIDIA A10
"[[105, 859, 864], [113, 859, 864], [121, 859, 864]]",0,cuda,4532504.38,2025-07-06T08:18:07.760020,2025-07-06T08:18:08.050110,76.91,67.65,100.0,67.13,2985.0,2982.29,38.1,40.0,NVIDIA A10
"[[105, 863, 868], [113, 863, 868], [121, 863, 868]]",0,cuda,4895190.23,2025-07-06T08:18:18.063450,2025-07-06T08:18:18.376752,153.12,68.6,100.0,46.65,3023.0,3020.2,38.25,40.0,NVIDIA A10
"[[105, 867, 872], [113, 867, 872], [121, 867, 872]]",0,cuda,4752531.11,2025-07-06T08:18:28.390225,2025-07-06T08:18:28.694400,154.78,72.21,100.0,62.67,3037.0,3033.61,38.04,39.0,NVIDIA A10
"[[105, 871, 876], [113, 871, 876], [121, 871, 876]]",0,cuda,4999831.34,2025-07-06T08:18:38.708417,2025-07-06T08:18:39.028416,78.78,69.41,92.0,55.05,3055.0,3052.13,37.92,39.0,NVIDIA A10
"[[105, 875, 880], [113, 875, 880], [121, 875, 880]]",0,cuda,4793556.59,2025-07-06T08:18:49.041878,2025-07-06T08:18:49.348675,72.67,63.88,100.0,35.18,3069.0,3066.06,37.84,39.0,NVIDIA A10
"[[105, 879, 884], [113, 879, 884], [121, 879, 884]]",0,cuda,5107640.42,2025-07-06T08:18:59.362226,2025-07-06T08:18:59.689124,75.74,67.88,100.0,62.56,3085.0,3082.22,38.14,40.0,NVIDIA A10
"[[105, 883, 888], [113, 883, 888], [121, 883, 888]]",0,cuda,4931150.84,2025-07-06T08:19:09.702678,2025-07-06T08:19:10.018280,75.03,69.63,91.0,48.91,3099.0,3096.56,37.74,39.0,NVIDIA A10
"[[105, 887, 892], [113, 887, 892], [121, 887, 892]]",0,cuda,5186204.91,2025-07-06T08:19:20.031826,2025-07-06T08:19:20.363753,96.78,72.54,100.0,33.26,3163.0,3160.39,37.85,39.0,NVIDIA A10
"[[105, 891, 896], [113, 891, 896], [121, 891, 896]]",0,cuda,4795567.75,2025-07-06T08:19:30.377441,2025-07-06T08:19:30.684367,92.06,75.75,100.0,43.31,3181.0,3177.94,38.07,40.0,NVIDIA A10
"[[105, 895, 900], [113, 895, 900], [121, 895, 900]]",0,cuda,5267260.09,2025-07-06T08:19:40.698228,2025-07-06T08:19:41.035341,73.2,63.98,81.0,42.42,3195.0,3192.14,37.86,40.0,NVIDIA A10
"[[105, 899, 904], [113, 899, 904], [121, 899, 904]]",0,cuda,5109144.03,2025-07-06T08:19:51.049063,2025-07-06T08:19:51.376059,154.09,63.9,100.0,34.25,3211.0,3208.07,37.56,39.0,NVIDIA A10
"[[105, 903, 908], [113, 903, 908], [121, 903, 908]]",0,cuda,5367004.44,2025-07-06T08:20:01.389917,2025-07-06T08:20:01.733415,77.0,66.24,100.0,19.1,3229.0,3226.11,37.57,39.0,NVIDIA A10
"[[105, 907, 912], [113, 907, 912], [121, 907, 912]]",0,cuda,5151540.47,2025-07-06T08:20:11.747227,2025-07-06T08:20:12.076934,76.02,67.09,100.0,62.9,3243.0,3239.97,37.53,39.0,NVIDIA A10
"[[105, 911, 916], [113, 911, 916], [121, 911, 916]]",0,cuda,5464179.69,2025-07-06T08:20:22.090711,2025-07-06T08:20:22.440428,68.28,61.23,100.0,48.03,3259.0,3256.14,38.26,40.0,NVIDIA A10
"[[105, 915, 920], [113, 915, 920], [121, 915, 920]]",0,cuda,5293010.62,2025-07-06T08:20:32.454184,2025-07-06T08:20:32.792946,79.48,71.44,100.0,62.17,3277.0,3274.19,38.63,40.0,NVIDIA A10
"[[105, 919, 924], [113, 919, 924], [121, 919, 924]]",0,cuda,5556885.94,2025-07-06T08:20:42.807103,2025-07-06T08:20:43.162753,105.93,72.07,100.0,71.4,3319.0,3316.44,38.38,40.0,NVIDIA A10
"[[105, 923, 928], [113, 923, 928], [121, 923, 928]]",0,cuda,5226021.52,2025-07-06T08:20:53.176676,2025-07-06T08:20:53.511150,95.46,70.61,100.0,62.08,3383.0,3379.93,38.26,40.0,NVIDIA A10
"[[105, 927, 932], [113, 927, 932], [121, 927, 932]]",0,cuda,5667546.94,2025-07-06T08:21:03.525003,2025-07-06T08:21:03.887735,99.92,82.66,100.0,55.04,3401.0,3398.21,38.49,40.0,NVIDIA A10
"[[105, 931, 936], [113, 931, 936], [121, 931, 936]]",0,cuda,5490674.41,2025-07-06T08:21:13.901736,2025-07-06T08:21:14.253149,80.29,69.94,100.0,46.21,3419.0,3416.22,38.5,40.0,NVIDIA A10
"[[105, 935, 940], [113, 935, 940], [121, 935, 940]]",0,cuda,5777691.33,2025-07-06T08:21:24.267350,2025-07-06T08:21:24.637134,78.54,68.88,100.0,38.12,3435.0,3432.12,37.98,40.0,NVIDIA A10
"[[105, 939, 944], [113, 939, 944], [121, 939, 944]]",0,cuda,5504926.89,2025-07-06T08:21:34.651480,2025-07-06T08:21:35.003804,153.7,70.48,100.0,29.4,3451.0,3448.04,38.57,40.0,NVIDIA A10
"[[105, 943, 948], [113, 943, 948], [121, 943, 948]]",0,cuda,5866768.72,2025-07-06T08:21:45.017841,2025-07-06T08:21:45.393323,153.7,69.16,100.0,62.05,3469.0,3466.14,38.11,40.0,NVIDIA A10
"[[105, 947, 952], [113, 947, 952], [121, 947, 952]]",0,cuda,5650941.61,2025-07-06T08:21:55.407412,2025-07-06T08:21:55.769081,72.52,65.12,100.0,33.89,3485.0,3481.98,38.47,40.0,NVIDIA A10
"[[105, 951, 956], [113, 951, 956], [121, 951, 956]]",0,cuda,5950627.64,2025-07-06T08:22:05.783177,2025-07-06T08:22:06.164027,77.12,70.44,100.0,58.8,3501.0,3498.34,38.07,40.0,NVIDIA A10
"[[105, 955, 960], [113, 955, 960], [121, 955, 960]]",0,cuda,5527456.73,2025-07-06T08:22:16.178209,2025-07-06T08:22:16.531976,152.53,79.74,100.0,53.9,3545.0,3541.9,38.12,39.0,NVIDIA A10
"[[105, 959, 964], [113, 959, 964], [121, 959, 964]]",0,cuda,6049007.28,2025-07-06T08:22:26.546503,2025-07-06T08:22:26.933649,153.41,78.44,100.0,45.53,3563.0,3560.19,38.27,40.0,NVIDIA A10
"[[105, 963, 968], [113, 963, 968], [121, 963, 968]]",0,cuda,5849514.25,2025-07-06T08:22:36.947967,2025-07-06T08:22:37.322345,161.32,66.22,100.0,48.48,3581.0,3578.01,38.19,40.0,NVIDIA A10
"[[105, 967, 972], [113, 967, 972], [121, 967, 972]]",0,cuda,6174197.36,2025-07-06T08:22:47.336632,2025-07-06T08:22:47.731792,152.73,66.34,100.0,52.03,3597.0,3594.12,38.15,40.0,NVIDIA A10
"[[105, 971, 976], [113, 971, 976], [121, 971, 976]]",0,cuda,5883386.33,2025-07-06T08:22:57.746305,2025-07-06T08:22:58.122850,79.81,68.8,100.0,51.7,3613.0,3610.19,38.66,40.0,NVIDIA A10
"[[105, 975, 980], [113, 975, 980], [121, 975, 980]]",0,cuda,6274017.42,2025-07-06T08:23:08.137106,2025-07-06T08:23:08.538651,160.74,81.1,100.0,51.5,3631.0,3628.14,38.39,40.0,NVIDIA A10
"[[105, 979, 984], [113, 979, 984], [121, 979, 984]]",0,cuda,6069745.66,2025-07-06T08:23:18.553098,2025-07-06T08:23:18.941570,101.34,77.45,100.0,52.54,3649.0,3646.21,38.95,40.0,NVIDIA A10
"[[105, 983, 988], [113, 983, 988], [121, 983, 988]]",0,cuda,6359579.73,2025-07-06T08:23:28.956371,2025-07-06T08:23:29.363393,172.45,74.28,100.0,54.96,3667.0,3664.46,38.74,40.0,NVIDIA A10
"[[105, 987, 992], [113, 987, 992], [121, 987, 992]]",0,cuda,5972550.39,2025-07-06T08:23:39.377806,2025-07-06T08:23:39.760058,84.48,71.79,100.0,56.61,3745.0,3741.92,38.54,40.0,NVIDIA A10
"[[105, 991, 996], [113, 991, 996], [121, 991, 996]]",0,cuda,6462866.28,2025-07-06T08:23:49.774484,2025-07-06T08:23:50.188116,153.9,69.41,100.0,58.32,3761.0,3758.14,38.84,40.0,NVIDIA A10
"[[105, 995, 1000], [113, 995, 1000], [121, 995, 1000]]",0,cuda,6253203.67,2025-07-06T08:24:00.202512,2025-07-06T08:24:00.602727,80.26,71.18,100.0,59.45,3779.0,3776.02,38.49,40.0,NVIDIA A10
"[[105, 999, 1004], [113, 999, 1004], [121, 999, 1004]]",0,cuda,6596195.53,2025-07-06T08:24:10.617190,2025-07-06T08:24:11.039356,151.26,70.56,100.0,63.18,3797.0,3794.13,38.65,40.0,NVIDIA A10
"[[105, 1003, 1008], [113, 1003, 1008], [121, 1003, 1008]]",0,cuda,6295012.16,2025-07-06T08:24:21.053963,2025-07-06T08:24:21.456856,109.19,73.81,100.0,65.41,3815.0,3812.04,38.58,40.0,NVIDIA A10
"[[105, 1007, 1012], [113, 1007, 1012], [121, 1007, 1012]]",0,cuda,6720852.3,2025-07-06T08:24:31.471602,2025-07-06T08:24:31.901746,82.42,69.61,100.0,42.07,3833.0,3830.14,38.53,40.0,NVIDIA A10
"[[105, 1011, 1016], [113, 1011, 1016], [121, 1011, 1016]]",0,cuda,6460930.36,2025-07-06T08:24:41.916613,2025-07-06T08:24:42.330122,152.63,67.81,100.0,39.6,3853.0,3850.08,38.53,40.0,NVIDIA A10
"[[105, 1015, 1020], [113, 1015, 1020], [121, 1015, 1020]]",0,cuda,6803807.3,2025-07-06T08:24:52.344721,2025-07-06T08:24:52.780174,152.92,71.1,100.0,48.26,3869.0,3866.29,38.54,40.0,NVIDIA A10
"[[105, 1019, 1024], [113, 1019, 1024], [121, 1019, 1024]]",0,cuda,6268596.75,2025-07-06T08:25:02.794917,2025-07-06T08:25:03.196116,97.38,78.93,100.0,51.08,3915.0,3911.89,38.27,40.0,NVIDIA A10
"[[105, 1023, 1028], [113, 1023, 1028], [121, 1023, 1028]]",0,cuda,6899485.34,2025-07-06T08:25:13.210751,2025-07-06T08:25:13.652332,80.98,73.15,100.0,62.5,3933.0,3930.72,38.51,40.0,NVIDIA A10
"[[105, 1027, 1032], [113, 1027, 1032], [121, 1027, 1032]]",0,cuda,6665732.12,2025-07-06T08:25:23.667556,2025-07-06T08:25:24.094171,85.38,66.49,100.0,73.64,4017.0,4014.01,39.07,40.0,NVIDIA A10
"[[105, 1031, 1036], [113, 1031, 1036], [121, 1031, 1036]]",0,cuda,7016929.52,2025-07-06T08:25:34.109005,2025-07-06T08:25:34.558096,171.66,72.83,100.0,77.56,4035.0,4032.41,39.14,40.0,NVIDIA A10
"[[105, 1035, 1040], [113, 1035, 1040], [121, 1035, 1040]]",0,cuda,6705835.27,2025-07-06T08:25:44.572977,2025-07-06T08:25:45.002162,76.92,65.89,100.0,50.25,4053.0,4050.05,38.82,40.0,NVIDIA A10
"[[105, 1039, 1044], [113, 1039, 1044], [121, 1039, 1044]]",0,cuda,7127915.11,2025-07-06T08:25:55.017281,2025-07-06T08:25:55.473477,87.25,75.0,100.0,61.66,4073.0,4070.22,38.94,40.0,NVIDIA A10
"[[105, 1043, 1048], [113, 1043, 1048], [121, 1043, 1048]]",0,cuda,6882428.64,2025-07-06T08:26:05.489016,2025-07-06T08:26:05.929500,153.51,83.36,100.0,70.73,4091.0,4088.29,38.68,40.0,NVIDIA A10
"[[105, 1047, 1052], [113, 1047, 1052], [121, 1047, 1052]]",0,cuda,7240790.72,2025-07-06T08:26:15.944553,2025-07-06T08:26:16.407973,108.44,91.94,100.0,68.58,4111.0,4108.2,38.86,40.0,NVIDIA A10
"[[105, 1051, 1056], [113, 1051, 1056], [121, 1051, 1056]]",0,cuda,6773453.52,2025-07-06T08:26:26.423122,2025-07-06T08:26:26.856631,152.92,71.13,100.0,58.37,4129.0,4126.0,38.61,40.0,NVIDIA A10
"[[105, 1055, 1060], [113, 1055, 1060], [121, 1055, 1060]]",0,cuda,7351287.05,2025-07-06T08:26:36.871660,2025-07-06T08:26:37.342151,84.98,74.61,100.0,66.83,4149.0,4146.36,38.8,40.0,NVIDIA A10
"[[105, 1059, 1064], [113, 1059, 1064], [121, 1059, 1064]]",0,cuda,7102451.55,2025-07-06T08:26:47.357708,2025-07-06T08:26:47.812274,113.78,77.28,100.0,44.23,4199.0,4196.02,38.64,40.0,NVIDIA A10
"[[105, 1063, 1068], [113, 1063, 1068], [121, 1063, 1068]]",0,cuda,7492765.97,2025-07-06T08:26:57.827492,2025-07-06T08:26:58.307037,153.12,92.23,100.0,60.53,4219.0,4216.32,38.7,40.0,NVIDIA A10
"[[105, 1067, 1072], [113, 1067, 1072], [121, 1067, 1072]]",0,cuda,7105573.84,2025-07-06T08:27:08.322120,2025-07-06T08:27:08.776886,152.63,69.14,100.0,63.88,4235.0,4231.98,38.79,40.0,NVIDIA A10
"[[105, 1071, 1076], [113, 1071, 1076], [121, 1071, 1076]]",0,cuda,7588966.97,2025-07-06T08:27:18.792128,2025-07-06T08:27:19.277835,99.0,80.98,100.0,52.53,4253.0,4250.13,38.66,40.0,NVIDIA A10
"[[105, 1075, 1080], [113, 1075, 1080], [121, 1075, 1080]]",0,cuda,7294716.61,2025-07-06T08:27:29.293523,2025-07-06T08:27:29.760394,85.09,76.32,100.0,63.95,4271.0,4268.08,38.82,40.0,NVIDIA A10
"[[105, 1079, 1084], [113, 1079, 1084], [121, 1079, 1084]]",0,cuda,7689241.64,2025-07-06T08:27:39.775547,2025-07-06T08:27:40.267668,93.22,72.08,100.0,48.55,4291.0,4288.14,38.74,40.0,NVIDIA A10
"[[105, 1083, 1088], [113, 1083, 1088], [121, 1083, 1088]]",0,cuda,7100798.73,2025-07-06T08:27:50.282923,2025-07-06T08:27:50.737383,151.95,68.91,100.0,66.96,4309.0,4305.9,39.32,40.0,NVIDIA A10
"[[105, 1087, 1092], [113, 1087, 1092], [121, 1087, 1092]]",0,cuda,7798666.14,2025-07-06T08:28:00.752681,2025-07-06T08:28:01.251804,152.53,70.29,100.0,71.91,4329.0,4326.2,39.17,40.0,NVIDIA A10
"[[105, 1091, 1096], [113, 1091, 1096], [121, 1091, 1096]]",0,cuda,7514133.16,2025-07-06T08:28:11.267283,2025-07-06T08:28:11.748196,118.48,79.26,100.0,63.75,4349.0,4346.34,39.39,41.0,NVIDIA A10
"[[105, 1095, 1100], [113, 1095, 1100], [121, 1095, 1100]]",0,cuda,7957765.5,2025-07-06T08:28:21.763475,2025-07-06T08:28:22.272781,172.84,95.2,100.0,78.81,4439.0,4436.16,39.02,41.0,NVIDIA A10
"[[105, 1099, 1104], [113, 1099, 1104], [121, 1099, 1104]]",0,cuda,7545319.23,2025-07-06T08:28:32.288156,2025-07-06T08:28:32.771065,153.51,73.01,100.0,66.81,4461.0,4457.98,39.09,41.0,NVIDIA A10
"[[105, 1103, 1108], [113, 1103, 1108], [121, 1103, 1108]]",0,cuda,8067319.61,2025-07-06T08:28:42.787010,2025-07-06T08:28:43.303330,152.92,77.42,100.0,78.31,4483.0,4480.14,39.31,40.0,NVIDIA A10
"[[105, 1107, 1112], [113, 1107, 1112], [121, 1107, 1112]]",0,cuda,7769742.41,2025-07-06T08:28:53.319148,2025-07-06T08:28:53.816421,104.0,75.92,100.0,68.63,4501.0,4498.08,38.85,40.0,NVIDIA A10
"[[105, 1111, 1116], [113, 1111, 1116], [121, 1111, 1116]]",0,cuda,8143070.95,2025-07-06T08:29:03.831839,2025-07-06T08:29:04.353005,163.98,72.21,100.0,55.91,4521.0,4518.12,38.95,40.0,NVIDIA A10
"[[105, 1115, 1120], [113, 1115, 1120], [121, 1115, 1120]]",0,cuda,7622616.92,2025-07-06T08:29:14.368561,2025-07-06T08:29:14.856417,153.09,71.49,100.0,72.3,4541.0,4537.98,38.87,40.0,NVIDIA A10
"[[105, 1119, 1124], [113, 1119, 1124], [121, 1119, 1124]]",0,cuda,8270759.11,2025-07-06T08:29:24.871993,2025-07-06T08:29:25.401330,87.92,76.05,100.0,62.65,4561.0,4558.13,38.79,41.0,NVIDIA A10
"[[105, 1123, 1128], [113, 1123, 1128], [121, 1123, 1128]]",0,cuda,7971881.67,2025-07-06T08:29:35.416964,2025-07-06T08:29:35.927174,162.1,95.5,100.0,49.82,4581.0,4578.08,38.77,40.0,NVIDIA A10
"[[105, 1127, 1132], [113, 1127, 1132], [121, 1127, 1132]]",0,cuda,8424879.84,2025-07-06T08:29:45.943470,2025-07-06T08:29:46.482671,153.22,70.5,100.0,69.97,4599.0,4596.31,38.96,40.0,NVIDIA A10
"[[105, 1131, 1136], [113, 1131, 1136], [121, 1131, 1136]]",0,cuda,8004276.67,2025-07-06T08:29:56.498372,2025-07-06T08:29:57.010655,101.7,79.39,100.0,61.4,4657.0,4654.33,38.62,40.0,NVIDIA A10
"[[105, 1135, 1140], [113, 1135, 1140], [121, 1135, 1140]]",0,cuda,8559165.0,2025-07-06T08:30:07.026418,2025-07-06T08:30:07.574213,108.78,77.58,100.0,84.79,4753.0,4750.36,38.85,40.0,NVIDIA A10
"[[105, 1139, 1144], [113, 1139, 1144], [121, 1139, 1144]]",0,cuda,8206636.83,2025-07-06T08:30:17.590072,2025-07-06T08:30:18.115309,92.41,70.13,100.0,78.0,4773.0,4770.21,39.35,41.0,NVIDIA A10
"[[105, 1143, 1148], [113, 1143, 1148], [121, 1143, 1148]]",0,cuda,8649039.73,2025-07-06T08:30:28.131800,2025-07-06T08:30:28.685348,92.13,77.92,100.0,70.94,4793.0,4790.21,39.52,41.0,NVIDIA A10
"[[105, 1147, 1152], [113, 1147, 1152], [121, 1147, 1152]]",0,cuda,7933170.36,2025-07-06T08:30:38.701438,2025-07-06T08:30:39.209169,152.92,72.46,100.0,61.78,4813.0,4809.88,39.13,40.0,NVIDIA A10
"[[105, 1151, 1156], [113, 1151, 1156], [121, 1151, 1156]]",0,cuda,8750565.33,2025-07-06T08:30:49.225128,2025-07-06T08:30:49.785174,119.05,95.49,100.0,81.02,4835.0,4832.15,39.43,41.0,NVIDIA A10
"[[105, 1155, 1160], [113, 1155, 1160], [121, 1155, 1160]]",0,cuda,8448193.25,2025-07-06T08:30:59.801059,2025-07-06T08:31:00.341753,83.96,71.19,100.0,69.38,4857.0,4853.99,39.17,41.0,NVIDIA A10
"[[105, 1159, 1164], [113, 1159, 1164], [121, 1159, 1164]]",0,cuda,8903205.09,2025-07-06T08:31:10.357532,2025-07-06T08:31:10.927346,152.53,79.26,100.0,73.37,4877.0,4874.13,39.1,40.0,NVIDIA A10
"[[105, 1163, 1168], [113, 1163, 1168], [121, 1163, 1168]]",0,cuda,8469783.33,2025-07-06T08:31:20.943535,2025-07-06T08:31:21.485610,153.51,83.15,100.0,69.01,4897.0,4893.99,39.24,41.0,NVIDIA A10
"[[105, 1167, 1172], [113, 1167, 1172], [121, 1167, 1172]]",0,cuda,9016115.45,2025-07-06T08:31:31.501542,2025-07-06T08:31:32.078583,152.92,75.71,100.0,63.33,4917.0,4914.2,39.21,41.0,NVIDIA A10
"[[105, 1171, 1176], [113, 1171, 1176], [121, 1171, 1176]]",0,cuda,8671695.48,2025-07-06T08:31:42.094839,2025-07-06T08:31:42.649834,173.33,80.72,100.0,59.44,4937.0,4934.39,39.05,41.0,NVIDIA A10
"[[105, 1175, 1180], [113, 1175, 1180], [121, 1175, 1180]]",0,cuda,9137605.03,2025-07-06T08:31:52.665877,2025-07-06T08:31:53.250694,120.41,93.88,100.0,55.99,4999.0,4996.34,39.1,41.0,NVIDIA A10
"[[105, 1179, 1184], [113, 1179, 1184], [121, 1179, 1184]]",0,cuda,8511037.72,2025-07-06T08:32:03.267251,2025-07-06T08:32:03.811967,154.39,74.09,100.0,51.7,5021.0,5017.91,38.93,41.0,NVIDIA A10
"[[105, 1183, 1188], [113, 1183, 1188], [121, 1183, 1188]]",0,cuda,9265310.12,2025-07-06T08:32:13.828194,2025-07-06T08:32:14.421182,153.51,77.56,100.0,70.75,5043.0,5040.34,38.98,41.0,NVIDIA A10
"[[105, 1187, 1192], [113, 1187, 1192], [121, 1187, 1192]]",0,cuda,8915162.53,2025-07-06T08:32:24.437448,2025-07-06T08:32:25.008028,116.97,93.25,100.0,60.53,5063.0,5060.04,38.84,40.0,NVIDIA A10
"[[105, 1191, 1196], [113, 1191, 1196], [121, 1191, 1196]]",0,cuda,9420021.73,2025-07-06T08:32:35.024384,2025-07-06T08:32:35.627274,153.22,74.05,100.0,67.81,5085.0,5082.16,38.93,41.0,NVIDIA A10
"[[105, 1195, 1200], [113, 1195, 1200], [121, 1195, 1200]]",0,cuda,8911400.62,2025-07-06T08:32:45.643911,2025-07-06T08:32:46.214250,152.99,78.01,100.0,79.65,5105.0,5101.97,39.63,41.0,NVIDIA A10
"[[105, 1199, 1204], [113, 1199, 1204], [121, 1199, 1204]]",0,cuda,9536900.27,2025-07-06T08:32:56.230503,2025-07-06T08:32:56.840873,152.24,110.23,100.0,79.47,5127.0,5124.16,39.6,41.0,NVIDIA A10
"[[105, 1203, 1208], [113, 1203, 1208], [121, 1203, 1208]]",0,cuda,9123053.02,2025-07-06T08:33:06.857318,2025-07-06T08:33:07.441202,93.74,78.8,100.0,80.51,5149.0,5146.0,39.53,41.0,NVIDIA A10
"[[105, 1207, 1212], [113, 1207, 1212], [121, 1207, 1212]]",0,cuda,9632257.89,2025-07-06T08:33:17.457765,2025-07-06T08:33:18.074238,113.08,88.72,100.0,80.68,5169.0,5166.14,39.42,41.0,NVIDIA A10
"[[105, 1211, 1216], [113, 1211, 1216], [121, 1211, 1216]]",0,cuda,8867769.22,2025-07-06T08:33:28.090942,2025-07-06T08:33:28.658492,93.83,77.71,100.0,64.97,5191.0,5188.31,39.67,41.0,NVIDIA A10
"[[105, 1215, 1220], [113, 1215, 1220], [121, 1215, 1220]]",0,cuda,9749490.2,2025-07-06T08:33:38.676179,2025-07-06T08:33:39.300156,153.51,88.55,100.0,81.2,5303.0,5300.21,39.67,41.0,NVIDIA A10
"[[105, 1219, 1224], [113, 1219, 1224], [121, 1219, 1224]]",0,cuda,9377303.3,2025-07-06T08:33:49.316956,2025-07-06T08:33:49.917112,152.6,97.06,100.0,77.21,5325.0,5322.01,39.19,41.0,NVIDIA A10
"[[105, 1223, 1228], [113, 1223, 1228], [121, 1223, 1228]]",0,cuda,9925995.92,2025-07-06T08:33:59.933636,2025-07-06T08:34:00.568910,153.22,79.38,100.0,62.28,5347.0,5344.14,39.37,41.0,NVIDIA A10
"[[105, 1227, 1232], [113, 1227, 1232], [121, 1227, 1232]]",0,cuda,9397427.88,2025-07-06T08:34:10.585701,2025-07-06T08:34:11.187145,153.29,75.25,100.0,68.28,5367.0,5364.05,39.27,41.0,NVIDIA A10
"[[105, 1231, 1236], [113, 1231, 1236], [121, 1231, 1236]]",0,cuda,10068270.58,2025-07-06T08:34:21.204634,2025-07-06T08:34:21.849012,105.38,80.16,100.0,71.43,5389.0,5386.16,39.32,41.0,NVIDIA A10
"[[105, 1235, 1240], [113, 1235, 1240], [121, 1235, 1240]]",0,cuda,9670317.0,2025-07-06T08:34:31.865777,2025-07-06T08:34:32.484686,88.84,74.18,100.0,75.28,5413.0,5410.09,39.45,41.0,NVIDIA A10
"[[105, 1239, 1244], [113, 1239, 1244], [121, 1239, 1244]]",0,cuda,10149328.94,2025-07-06T08:34:42.501604,2025-07-06T08:34:43.151170,105.22,75.58,100.0,57.52,5433.0,5430.22,39.27,41.0,NVIDIA A10
"[[105, 1243, 1248], [113, 1243, 1248], [121, 1243, 1248]]",0,cuda,9471180.91,2025-07-06T08:34:53.168000,2025-07-06T08:34:53.774168,93.4,74.87,100.0,72.25,5457.0,5453.93,39.22,41.0,NVIDIA A10
"[[105, 1247, 1252], [113, 1247, 1252], [121, 1247, 1252]]",0,cuda,10295222.08,2025-07-06T08:35:03.791781,2025-07-06T08:35:04.450685,105.47,72.01,100.0,70.53,5479.0,5476.33,39.79,41.0,NVIDIA A10
"[[105, 1251, 1256], [113, 1251, 1256], [121, 1251, 1256]]",0,cuda,9899478.42,2025-07-06T08:35:14.467729,2025-07-06T08:35:15.101305,123.29,99.59,100.0,79.15,5499.0,5496.38,39.73,41.0,NVIDIA A10
"[[105, 1255, 1260], [113, 1255, 1260], [121, 1255, 1260]]",0,cuda,10458623.81,2025-07-06T08:35:25.118360,2025-07-06T08:35:25.787721,153.51,74.14,100.0,78.19,5567.0,5564.46,39.77,41.0,NVIDIA A10
"[[105, 1259, 1264], [113, 1259, 1264], [121, 1259, 1264]]",0,cuda,9916901.94,2025-07-06T08:35:35.804935,2025-07-06T08:35:36.439626,153.7,97.73,100.0,68.05,5683.0,5680.19,39.6,41.0,NVIDIA A10
"[[105, 1263, 1268], [113, 1263, 1268], [121, 1263, 1268]]",0,cuda,10624829.31,2025-07-06T08:35:46.457560,2025-07-06T08:35:47.137558,88.39,73.0,100.0,77.33,5707.0,5704.18,39.98,41.0,NVIDIA A10
"[[105, 1267, 1272], [113, 1267, 1272], [121, 1267, 1272]]",0,cuda,10159283.2,2025-07-06T08:35:57.154706,2025-07-06T08:35:57.804909,154.68,90.26,100.0,81.41,5729.0,5726.09,39.73,41.0,NVIDIA A10
"[[105, 1271, 1276], [113, 1271, 1276], [121, 1271, 1276]]",0,cuda,10724234.05,2025-07-06T08:36:07.821970,2025-07-06T08:36:08.508330,151.65,79.13,100.0,71.15,5751.0,5748.22,39.59,41.0,NVIDIA A10
"[[105, 1275, 1280], [113, 1275, 1280], [121, 1275, 1280]]",0,cuda,9807568.28,2025-07-06T08:36:18.525644,2025-07-06T08:36:19.153338,95.83,82.44,100.0,78.87,5775.0,5771.93,39.61,41.0,NVIDIA A10
"[[105, 1279, 1284], [113, 1279, 1284], [121, 1279, 1284]]",0,cuda,10845289.22,2025-07-06T08:36:29.171113,2025-07-06T08:36:29.865221,152.14,107.21,100.0,91.82,5797.0,5794.15,39.41,41.0,NVIDIA A10
"[[105, 1283, 1288], [113, 1283, 1288], [121, 1283, 1288]]",0,cuda,10414626.5,2025-07-06T08:36:39.882473,2025-07-06T08:36:40.549021,154.0,81.29,100.0,74.35,5821.0,5818.08,39.37,41.0,NVIDIA A10
"[[105, 1287, 1292], [113, 1287, 1292], [121, 1287, 1292]]",0,cuda,10994292.86,2025-07-06T08:36:50.566845,2025-07-06T08:36:51.270488,153.31,103.62,100.0,61.46,5843.0,5840.22,39.77,41.0,NVIDIA A10
"[[105, 1291, 1296], [113, 1291, 1296], [121, 1291, 1296]]",0,cuda,10430054.03,2025-07-06T08:37:01.288055,2025-07-06T08:37:01.955587,154.19,79.0,100.0,73.82,5865.0,5861.99,39.36,41.0,NVIDIA A10
"[[105, 1295, 1300], [113, 1295, 1300], [121, 1295, 1300]]",0,cuda,11153262.45,2025-07-06T08:37:11.973639,2025-07-06T08:37:12.687457,128.8,97.33,100.0,61.87,5889.0,5886.16,39.36,41.0,NVIDIA A10
"[[105, 1299, 1304], [113, 1299, 1304], [121, 1299, 1304]]",0,cuda,10678775.11,2025-07-06T08:37:22.705155,2025-07-06T08:37:23.388605,92.72,77.17,100.0,73.99,5911.0,5908.26,39.46,41.0,NVIDIA A10
"[[105, 1303, 1308], [113, 1303, 1308], [121, 1303, 1308]]",0,cuda,11261887.38,2025-07-06T08:37:33.406157,2025-07-06T08:37:34.126927,153.31,96.01,100.0,89.14,5987.0,5984.22,39.94,41.0,NVIDIA A10
"[[105, 1307, 1312], [113, 1307, 1312], [121, 1307, 1312]]",0,cuda,10471022.19,2025-07-06T08:37:44.144626,2025-07-06T08:37:44.814781,92.66,77.84,100.0,81.29,6009.0,6005.92,40.06,41.0,NVIDIA A10
"[[105, 1311, 1316], [113, 1311, 1316], [121, 1311, 1316]]",0,cuda,11421883.16,2025-07-06T08:37:54.832368,2025-07-06T08:37:55.563378,154.09,99.11,100.0,84.65,6033.0,6030.16,39.92,41.0,NVIDIA A10
"[[105, 1315, 1320], [113, 1315, 1320], [121, 1315, 1320]]",0,cuda,10970561.19,2025-07-06T08:38:05.581156,2025-07-06T08:38:06.283281,172.83,113.12,100.0,75.67,6057.0,6054.01,39.84,41.0,NVIDIA A10
"[[105, 1319, 1324], [113, 1319, 1324], [121, 1319, 1324]]",0,cuda,11619004.56,2025-07-06T08:38:16.301496,2025-07-06T08:38:17.045124,153.7,96.37,100.0,77.32,6081.0,6078.17,39.99,41.0,NVIDIA A10
"[[105, 1323, 1328], [113, 1323, 1328], [121, 1323, 1328]]",0,cuda,10940392.12,2025-07-06T08:38:27.063219,2025-07-06T08:38:27.763413,129.89,109.72,100.0,69.59,6105.0,6101.96,39.68,41.0,NVIDIA A10
"[[105, 1327, 1332], [113, 1327, 1332], [121, 1327, 1332]]",0,cuda,11737295.84,2025-07-06T08:38:37.781180,2025-07-06T08:38:38.532376,153.51,82.9,100.0,83.08,6125.0,6122.17,39.84,41.0,NVIDIA A10
"[[105, 1331, 1336], [113, 1331, 1336], [121, 1331, 1336]]",0,cuda,11188051.41,2025-07-06T08:38:48.549992,2025-07-06T08:38:49.266036,154.0,113.07,100.0,78.71,6149.0,6146.22,39.73,41.0,NVIDIA A10
"[[105, 1335, 1340], [113, 1335, 1340], [121, 1335, 1340]]",0,cuda,11835609.44,2025-07-06T08:38:59.284810,2025-07-06T08:39:00.042298,118.5,83.13,100.0,73.38,6173.0,6170.17,39.83,41.0,NVIDIA A10
"[[105, 1339, 1344], [113, 1339, 1344], [121, 1339, 1344]]",0,cuda,10839430.95,2025-07-06T08:39:10.060566,2025-07-06T08:39:10.754299,152.31,113.06,100.0,66.61,6197.0,6193.87,39.69,41.0,NVIDIA A10
"[[105, 1343, 1348], [113, 1343, 1348], [121, 1343, 1348]]",0,cuda,11959912.95,2025-07-06T08:39:20.771935,2025-07-06T08:39:21.537378,153.9,90.99,100.0,79.83,6221.0,6218.55,39.73,41.0,NVIDIA A10
"[[105, 1347, 1352], [113, 1347, 1352], [121, 1347, 1352]]",0,cuda,11470963.55,2025-07-06T08:39:31.555234,2025-07-06T08:39:32.289385,132.22,113.72,100.0,76.91,6355.0,6352.09,39.56,41.0,NVIDIA A10
"[[105, 1351, 1356], [113, 1351, 1356], [121, 1351, 1356]]",0,cuda,12169143.8,2025-07-06T08:39:42.307490,2025-07-06T08:39:43.086324,152.82,90.3,100.0,94.21,6379.0,6376.16,39.5,41.0,NVIDIA A10
"[[105, 1355, 1360], [113, 1355, 1360], [121, 1355, 1360]]",0,cuda,11478815.92,2025-07-06T08:39:53.104632,2025-07-06T08:39:53.839285,156.53,116.54,100.0,94.71,6403.0,6400.19,40.07,41.0,NVIDIA A10
"[[105, 1359, 1364], [113, 1359, 1364], [121, 1359, 1364]]",0,cuda,12332333.45,2025-07-06T08:40:03.858074,2025-07-06T08:40:04.647355,137.33,101.94,100.0,88.75,6427.0,6424.22,40.13,41.0,NVIDIA A10
"[[105, 1363, 1368], [113, 1363, 1368], [121, 1363, 1368]]",0,cuda,11796564.44,2025-07-06T08:40:14.665976,2025-07-06T08:40:15.420965,154.29,83.23,100.0,74.86,6451.0,6448.03,40.1,41.0,NVIDIA A10
"[[105, 1367, 1372], [113, 1367, 1372], [121, 1367, 1372]]",0,cuda,12386105.14,2025-07-06T08:40:25.438978,2025-07-06T08:40:26.231698,153.41,105.27,100.0,86.25,6475.0,6472.15,39.99,41.0,NVIDIA A10
"[[105, 1371, 1376], [113, 1371, 1376], [121, 1371, 1376]]",0,cuda,11507363.22,2025-07-06T08:40:36.249829,2025-07-06T08:40:36.986309,153.51,82.15,100.0,85.02,6499.0,6495.91,39.96,41.0,NVIDIA A10
"[[105, 1375, 1380], [113, 1375, 1380], [121, 1375, 1380]]",0,cuda,12566965.38,2025-07-06T08:40:47.005464,2025-07-06T08:40:47.809759,136.47,110.0,100.0,82.22,6523.0,6520.16,39.91,41.0,NVIDIA A10
"[[105, 1379, 1384], [113, 1379, 1384], [121, 1379, 1384]]",0,cuda,12047343.72,2025-07-06T08:40:57.828415,2025-07-06T08:40:58.599454,154.39,77.53,100.0,82.79,6549.0,6546.01,39.83,41.0,NVIDIA A10
"[[105, 1383, 1388], [113, 1383, 1388], [121, 1383, 1388]]",0,cuda,12771952.62,2025-07-06T08:41:08.617653,2025-07-06T08:41:09.435067,152.9,115.42,100.0,82.61,6575.0,6572.18,39.83,41.0,NVIDIA A10
"[[105, 1387, 1392], [113, 1387, 1392], [121, 1387, 1392]]",0,cuda,12050721.89,2025-07-06T08:41:19.453390,2025-07-06T08:41:20.224645,154.29,76.59,100.0,81.49,6599.0,6596.14,39.93,41.0,NVIDIA A10
"[[105, 1391, 1396], [113, 1391, 1396], [121, 1391, 1396]]",0,cuda,12934981.73,2025-07-06T08:41:30.243131,2025-07-06T08:41:31.070981,133.49,116.2,100.0,82.06,6679.0,6676.36,39.92,41.0,NVIDIA A10
"[[105, 1395, 1400], [113, 1395, 1400], [121, 1395, 1400]]",0,cuda,12330284.95,2025-07-06T08:41:41.090050,2025-07-06T08:41:41.879197,152.92,89.98,100.0,67.27,6703.0,6700.35,39.59,41.0,NVIDIA A10
"[[105, 1399, 1404], [113, 1399, 1404], [121, 1399, 1404]]",0,cuda,13028142.5,2025-07-06T08:41:51.897600,2025-07-06T08:41:52.731410,122.5,81.39,100.0,69.37,6849.0,6846.16,39.67,41.0,NVIDIA A10
"[[105, 1403, 1408], [113, 1403, 1408], [121, 1403, 1408]]",0,cuda,11853605.97,2025-07-06T08:42:02.750369,2025-07-06T08:42:03.509008,152.24,99.68,100.0,72.76,6873.0,6869.88,39.67,41.0,NVIDIA A10
"[[105, 1407, 1412], [113, 1407, 1412], [121, 1407, 1412]]",0,cuda,13158128.91,2025-07-06T08:42:13.527615,2025-07-06T08:42:14.369745,92.35,73.72,100.0,90.09,6897.0,6894.17,40.27,41.0,NVIDIA A10
"[[105, 1411, 1416], [113, 1411, 1416], [121, 1411, 1416]]",0,cuda,12612957.17,2025-07-06T08:42:24.388411,2025-07-06T08:42:25.195649,139.4,107.8,100.0,77.92,6923.0,6920.09,40.28,42.0,NVIDIA A10
"[[105, 1415, 1420], [113, 1415, 1420], [121, 1415, 1420]]",0,cuda,13339371.39,2025-07-06T08:42:35.214432,2025-07-06T08:42:36.068160,153.02,85.78,100.0,81.77,6949.0,6946.24,40.18,41.0,NVIDIA A10
"[[105, 1419, 1424], [113, 1419, 1424], [121, 1419, 1424]]",0,cuda,12611017.28,2025-07-06T08:42:46.087250,2025-07-06T08:42:46.894364,154.29,121.69,100.0,86.47,6973.0,6969.98,39.98,41.0,NVIDIA A10
"[[105, 1423, 1428], [113, 1423, 1428], [121, 1423, 1428]]",0,cuda,13479827.81,2025-07-06T08:42:56.912963,2025-07-06T08:42:57.775681,153.41,90.08,100.0,77.73,6997.0,6994.17,40.14,41.0,NVIDIA A10
"[[105, 1427, 1432], [113, 1427, 1432], [121, 1427, 1432]]",0,cuda,12901675.28,2025-07-06T08:43:07.794600,2025-07-06T08:43:08.620316,100.91,84.1,100.0,77.0,7023.0,7020.01,40.0,42.0,NVIDIA A10
"[[105, 1431, 1436], [113, 1431, 1436], [121, 1431, 1436]]",0,cuda,13623389.3,2025-07-06T08:43:18.639444,2025-07-06T08:43:19.511350,132.41,91.79,100.0,81.4,7049.0,7046.16,39.99,42.0,NVIDIA A10
"[[105, 1435, 1440], [113, 1435, 1440], [121, 1435, 1440]]",0,cuda,12631463.48,2025-07-06T08:43:29.530674,2025-07-06T08:43:30.339099,153.12,91.46,100.0,80.6,7075.0,7072.2,40.0,42.0,NVIDIA A10
"[[105, 1439, 1444], [113, 1439, 1444], [121, 1439, 1444]]",0,cuda,13797565.97,2025-07-06T08:43:40.358381,2025-07-06T08:43:41.241435,153.12,90.06,100.0,72.93,7099.0,7096.16,40.08,42.0,NVIDIA A10
"[[105, 1443, 1448], [113, 1443, 1448], [121, 1443, 1448]]",0,cuda,13242733.61,2025-07-06T08:43:51.260901,2025-07-06T08:43:52.108444,153.22,108.19,100.0,80.77,7127.0,7124.19,40.01,41.0,NVIDIA A10
"[[105, 1447, 1452], [113, 1447, 1452], [121, 1447, 1452]]",0,cuda,14005013.72,2025-07-06T08:44:02.127574,2025-07-06T08:44:03.023903,152.14,92.01,100.0,70.24,7213.0,7210.42,40.0,41.0,NVIDIA A10
"[[105, 1451, 1456], [113, 1451, 1456], [121, 1451, 1456]]",0,cuda,13160021.27,2025-07-06T08:44:13.043219,2025-07-06T08:44:13.885470,110.71,91.5,100.0,77.83,7239.0,7235.98,39.75,41.0,NVIDIA A10
"[[105, 1455, 1460], [113, 1455, 1460], [121, 1455, 1460]]",0,cuda,14155900.64,2025-07-06T08:44:23.904776,2025-07-06T08:44:24.810761,153.22,108.38,100.0,87.76,7265.0,7262.36,39.87,41.0,NVIDIA A10
"[[105, 1459, 1464], [113, 1459, 1464], [121, 1459, 1464]]",0,cuda,13451611.34,2025-07-06T08:44:34.830518,2025-07-06T08:44:35.691430,154.58,77.5,100.0,77.98,7291.0,7288.22,40.32,42.0,NVIDIA A10
"[[105, 1463, 1468], [113, 1463, 1468], [121, 1463, 1468]]",0,cuda,14241321.08,2025-07-06T08:44:45.710935,2025-07-06T08:44:46.622389,156.05,129.19,100.0,87.42,7315.0,7311.98,40.5,42.0,NVIDIA A10
"[[105, 1467, 1472], [113, 1467, 1472], [121, 1467, 1472]]",0,cuda,13013342.48,2025-07-06T08:44:56.641907,2025-07-06T08:44:57.474770,143.98,98.53,100.0,77.31,7343.0,7340.08,40.27,42.0,NVIDIA A10
"[[105, 1471, 1476], [113, 1471, 1476], [121, 1471, 1476]]",0,cuda,14364324.58,2025-07-06T08:45:07.494072,2025-07-06T08:45:08.413400,139.33,132.3,100.0,84.83,7369.0,7366.35,40.2,41.0,NVIDIA A10
"[[105, 1475, 1480], [113, 1475, 1480], [121, 1475, 1480]]",0,cuda,13768087.89,2025-07-06T08:45:18.433536,2025-07-06T08:45:19.314703,166.78,116.14,100.0,76.88,7395.0,7392.02,40.05,42.0,NVIDIA A10
"[[105, 1479, 1484], [113, 1479, 1484], [121, 1479, 1484]]",0,cuda,14622824.31,2025-07-06T08:45:29.334504,2025-07-06T08:45:30.270374,146.8,96.48,100.0,86.0,7421.0,7418.18,40.13,42.0,NVIDIA A10
"[[105, 1483, 1488], [113, 1483, 1488], [121, 1483, 1488]]",0,cuda,13754915.34,2025-07-06T08:45:40.290167,2025-07-06T08:45:41.170491,153.9,82.05,100.0,82.1,7447.0,7443.97,40.2,42.0,NVIDIA A10
"[[105, 1487, 1492], [113, 1487, 1492], [121, 1487, 1492]]",0,cuda,14806258.55,2025-07-06T08:45:51.190044,2025-07-06T08:45:52.137654,152.63,116.93,100.0,86.04,7475.0,7472.49,40.19,42.0,NVIDIA A10
"[[105, 1491, 1496], [113, 1491, 1496], [121, 1491, 1496]]",0,cuda,14138328.39,2025-07-06T08:46:02.157499,2025-07-06T08:46:03.062361,153.7,101.34,100.0,84.04,7633.0,7630.02,40.12,42.0,NVIDIA A10
"[[105, 1495, 1500], [113, 1495, 1500], [121, 1495, 1500]]",0,cuda,14834979.02,2025-07-06T08:46:13.082129,2025-07-06T08:46:14.031577,101.09,82.97,100.0,80.95,7657.0,7654.16,40.1,42.0,NVIDIA A10
"[[105, 1499, 1504], [113, 1499, 1504], [121, 1499, 1504]]",0,cuda,13774932.61,2025-07-06T08:46:24.051465,2025-07-06T08:46:24.933070,142.3,124.47,100.0,75.78,7685.0,7681.99,39.99,42.0,NVIDIA A10
"[[105, 1503, 1508], [113, 1503, 1508], [121, 1503, 1508]]",0,cuda,15039848.66,2025-07-06T08:46:34.953041,2025-07-06T08:46:35.915600,153.7,87.68,100.0,82.19,7713.0,7710.22,40.13,42.0,NVIDIA A10
"[[105, 1507, 1512], [113, 1507, 1512], [121, 1507, 1512]]",0,cuda,14387791.12,2025-07-06T08:46:45.935590,2025-07-06T08:46:46.856417,94.37,77.36,100.0,84.79,7739.0,7736.02,40.15,42.0,NVIDIA A10
"[[105, 1511, 1516], [113, 1511, 1516], [121, 1511, 1516]]",0,cuda,15281040.59,2025-07-06T08:46:56.876261,2025-07-06T08:46:57.854257,111.99,90.99,100.0,93.91,7765.0,7762.17,40.5,42.0,NVIDIA A10
"[[105, 1515, 1520], [113, 1515, 1520], [121, 1515, 1520]]",0,cuda,14384384.08,2025-07-06T08:47:07.874433,2025-07-06T08:47:08.795045,134.1,91.27,100.0,78.57,7791.0,7788.0,40.42,42.0,NVIDIA A10
"[[105, 1519, 1524], [113, 1519, 1524], [121, 1519, 1524]]",0,cuda,15471593.56,2025-07-06T08:47:18.815837,2025-07-06T08:47:19.806028,153.7,96.79,100.0,89.71,7819.0,7816.37,40.61,42.0,NVIDIA A10
"[[105, 1523, 1528], [113, 1523, 1528], [121, 1523, 1528]]",0,cuda,14706376.73,2025-07-06T08:47:29.827609,2025-07-06T08:47:30.768825,150.75,99.97,100.0,79.7,7847.0,7844.21,40.37,42.0,NVIDIA A10
"[[105, 1527, 1532], [113, 1527, 1532], [121, 1527, 1532]]",0,cuda,15557942.83,2025-07-06T08:47:40.788954,2025-07-06T08:47:41.784671,144.26,120.6,100.0,86.94,7873.0,7870.16,40.55,42.0,NVIDIA A10
"[[105, 1531, 1536], [113, 1531, 1536], [121, 1531, 1536]]",0,cuda,14120119.69,2025-07-06T08:47:51.805054,2025-07-06T08:47:52.708751,147.79,118.59,100.0,85.88,7899.0,7895.87,40.23,42.0,NVIDIA A10
"[[105, 1535, 1540], [113, 1535, 1540], [121, 1535, 1540]]",0,cuda,15685335.94,2025-07-06T08:48:02.729197,2025-07-06T08:48:03.733068,147.43,89.09,100.0,82.02,7927.0,7924.15,40.4,42.0,NVIDIA A10
"[[105, 1539, 1544], [113, 1539, 1544], [121, 1539, 1544]]",0,cuda,15020665.48,2025-07-06T08:48:13.755118,2025-07-06T08:48:14.716451,153.29,136.29,100.0,81.89,7955.0,7952.06,40.34,42.0,NVIDIA A10
"[[105, 1543, 1548], [113, 1543, 1548], [121, 1543, 1548]]",0,cuda,15894063.2,2025-07-06T08:48:24.736718,2025-07-06T08:48:25.753947,153.22,118.86,100.0,81.93,8055.0,8052.17,40.4,42.0,NVIDIA A10
"[[105, 1547, 1552], [113, 1547, 1552], [121, 1547, 1552]]",0,cuda,14986798.25,2025-07-06T08:48:35.774497,2025-07-06T08:48:36.733661,154.19,88.73,100.0,82.2,8083.0,8080.32,40.07,42.0,NVIDIA A10
"[[105, 1551, 1556], [113, 1551, 1556], [121, 1551, 1556]]",0,cuda,16095673.8,2025-07-06T08:48:46.754491,2025-07-06T08:48:47.784623,160.93,91.39,100.0,81.3,8253.0,8250.16,40.25,42.0,NVIDIA A10
"[[105, 1555, 1560], [113, 1555, 1560], [121, 1555, 1560]]",0,cuda,15329511.05,2025-07-06T08:48:57.806988,2025-07-06T08:48:58.788086,154.68,96.05,100.0,87.01,8279.0,8276.02,40.2,42.0,NVIDIA A10
"[[105, 1559, 1564], [113, 1559, 1564], [121, 1559, 1564]]",0,cuda,16218629.19,2025-07-06T08:49:08.808645,2025-07-06T08:49:09.846649,153.12,123.18,100.0,87.39,8307.0,8304.16,40.61,42.0,NVIDIA A10
"[[105, 1563, 1568], [113, 1563, 1568], [121, 1563, 1568]]",0,cuda,14974697.44,2025-07-06T08:49:19.867762,2025-07-06T08:49:20.826151,153.41,108.59,100.0,89.26,8335.0,8332.12,40.38,42.0,NVIDIA A10
"[[105, 1567, 1572], [113, 1567, 1572], [121, 1567, 1572]]",0,cuda,16402871.69,2025-07-06T08:49:30.846719,2025-07-06T08:49:31.896512,163.19,90.79,100.0,86.41,8363.0,8360.16,40.54,42.0,NVIDIA A10
"[[105, 1571, 1576], [113, 1571, 1576], [121, 1571, 1576]]",0,cuda,15684709.64,2025-07-06T08:49:41.917729,2025-07-06T08:49:42.921559,140.33,131.44,100.0,89.71,8391.0,8388.23,40.48,42.0,NVIDIA A10
"[[105, 1575, 1580], [113, 1575, 1580], [121, 1575, 1580]]",0,cuda,16644664.27,2025-07-06T08:49:52.942315,2025-07-06T08:49:54.007583,153.61,99.49,100.0,79.67,8421.0,8418.26,40.49,42.0,NVIDIA A10
"[[105, 1579, 1584], [113, 1579, 1584], [121, 1579, 1584]]",0,cuda,15589033.88,2025-07-06T08:50:04.029909,2025-07-06T08:50:05.027617,143.24,119.48,100.0,84.67,8449.0,8445.57,40.39,42.0,NVIDIA A10
"[[105, 1583, 1588], [113, 1583, 1588], [121, 1583, 1588]]",0,cuda,16792973.2,2025-07-06T08:50:15.048802,2025-07-06T08:50:16.123561,147.63,118.44,100.0,86.51,8477.0,8474.18,40.39,42.0,NVIDIA A10
"[[105, 1587, 1592], [113, 1587, 1592], [121, 1587, 1592]]",0,cuda,15943039.2,2025-07-06T08:50:26.145005,2025-07-06T08:50:27.165368,153.02,95.22,100.0,77.48,8505.0,8502.22,40.42,42.0,NVIDIA A10
"[[105, 1591, 1596], [113, 1591, 1596], [121, 1591, 1596]]",0,cuda,16881508.27,2025-07-06T08:50:37.186356,2025-07-06T08:50:38.266781,153.12,131.45,100.0,82.13,8533.0,8530.16,40.4,42.0,NVIDIA A10
"[[105, 1595, 1600], [113, 1595, 1600], [121, 1595, 1600]]",0,cuda,15390727.66,2025-07-06T08:50:48.288313,2025-07-06T08:50:49.273329,139.44,121.13,100.0,81.22,8561.0,8557.87,40.3,42.0,NVIDIA A10
"[[105, 1599, 1604], [113, 1599, 1604], [121, 1599, 1604]]",0,cuda,17015572.56,2025-07-06T08:50:59.294494,2025-07-06T08:51:00.383504,149.65,96.41,100.0,86.06,8587.0,8584.29,40.3,42.0,NVIDIA A10
"[[105, 1603, 1608], [113, 1603, 1608], [121, 1603, 1608]]",0,cuda,16279539.19,2025-07-06T08:51:10.407304,2025-07-06T08:51:11.449204,148.09,110.52,100.0,82.17,8689.0,8686.1,40.31,42.0,NVIDIA A10
"[[105, 1607, 1612], [113, 1607, 1612], [121, 1607, 1612]]",0,cuda,17340309.64,2025-07-06T08:51:21.470792,2025-07-06T08:51:22.580582,149.75,93.96,100.0,88.56,8717.0,8714.19,40.65,42.0,NVIDIA A10
"[[105, 1611, 1616], [113, 1611, 1616], [121, 1611, 1616]]",0,cuda,16259467.95,2025-07-06T08:51:32.601979,2025-07-06T08:51:33.642594,153.31,96.61,100.0,80.58,8747.0,8743.99,40.63,42.0,NVIDIA A10
"[[105, 1615, 1620], [113, 1615, 1620], [121, 1615, 1620]]",0,cuda,17503127.28,2025-07-06T08:51:43.663842,2025-07-06T08:51:44.784052,153.02,131.35,100.0,87.04,8775.0,8772.37,40.59,42.0,NVIDIA A10
"[[105, 1619, 1624], [113, 1619, 1624], [121, 1619, 1624]]",0,cuda,16684962.98,2025-07-06T08:51:54.805769,2025-07-06T08:51:55.873616,142.47,100.41,100.0,80.33,8805.0,8801.95,40.61,42.0,NVIDIA A10
"[[105, 1623, 1628], [113, 1623, 1628], [121, 1623, 1628]]",0,cuda,17565247.14,2025-07-06T08:52:05.895348,2025-07-06T08:52:07.019533,153.41,119.66,100.0,87.37,8833.0,8830.17,40.4,42.0,NVIDIA A10
"[[105, 1627, 1632], [113, 1627, 1632], [121, 1627, 1632]]",0,cuda,16231759.16,2025-07-06T08:52:17.041236,2025-07-06T08:52:18.080078,154.0,122.17,100.0,82.41,8861.0,8857.92,40.7,42.0,NVIDIA A10
"[[105, 1631, 1636], [113, 1631, 1636], [121, 1631, 1636]]",0,cuda,17771765.03,2025-07-06T08:52:28.101534,2025-07-06T08:52:29.238937,150.62,106.87,100.0,86.93,8891.0,8888.17,40.39,42.0,NVIDIA A10
"[[105, 1635, 1640], [113, 1635, 1640], [121, 1635, 1640]]",0,cuda,16970673.52,2025-07-06T08:52:39.261067,2025-07-06T08:52:40.347200,152.14,94.38,100.0,83.44,8919.0,8916.03,40.39,42.0,NVIDIA A10
"[[105, 1639, 1644], [113, 1639, 1644], [121, 1639, 1644]]",0,cuda,18029882.41,2025-07-06T08:52:50.369210,2025-07-06T08:52:51.523135,153.51,91.87,100.0,77.69,8949.0,8946.19,40.43,42.0,NVIDIA A10
"[[105, 1643, 1648], [113, 1643, 1648], [121, 1643, 1648]]",0,cuda,16925688.75,2025-07-06T08:53:01.545272,2025-07-06T08:53:02.628525,149.45,127.31,100.0,84.97,8977.0,8974.18,40.38,42.0,NVIDIA A10
"[[105, 1647, 1652], [113, 1647, 1652], [121, 1647, 1652]]",0,cuda,18248624.83,2025-07-06T08:53:12.651597,2025-07-06T08:53:13.819519,149.85,128.85,100.0,94.21,9007.0,9004.19,40.34,42.0,NVIDIA A10
"[[105, 1651, 1656], [113, 1651, 1656], [121, 1651, 1656]]",0,cuda,17296968.69,2025-07-06T08:53:23.841510,2025-07-06T08:53:24.948525,151.95,95.82,100.0,90.45,9035.0,9032.36,40.86,42.0,NVIDIA A10
"[[105, 1655, 1660], [113, 1655, 1660], [121, 1655, 1660]]",0,cuda,18308787.84,2025-07-06T08:53:34.970723,2025-07-06T08:53:36.142495,153.7,104.37,100.0,89.31,9231.0,9228.17,40.78,42.0,NVIDIA A10
"[[105, 1659, 1664], [113, 1659, 1664], [121, 1659, 1664]]",0,cuda,16578682.41,2025-07-06T08:53:46.164719,2025-07-06T08:53:47.225764,146.45,114.87,100.0,88.72,9261.0,9258.13,40.78,42.0,NVIDIA A10
"[[105, 1663, 1668], [113, 1663, 1668], [121, 1663, 1668]]",0,cuda,18473560.16,2025-07-06T08:53:57.248922,2025-07-06T08:53:58.431238,153.22,121.82,100.0,98.33,9291.0,9288.35,40.81,42.0,NVIDIA A10
"[[105, 1667, 1672], [113, 1667, 1672], [121, 1667, 1672]]",0,cuda,17635454.08,2025-07-06T08:54:08.453815,2025-07-06T08:54:09.582493,149.92,106.53,100.0,80.29,9321.0,9318.22,40.59,42.0,NVIDIA A10
"[[105, 1671, 1676], [113, 1671, 1676], [121, 1671, 1676]]",0,cuda,18716395.66,2025-07-06T08:54:19.604603,2025-07-06T08:54:20.802461,153.41,99.47,100.0,89.7,9349.0,9346.17,40.76,42.0,NVIDIA A10
"[[105, 1675, 1680], [113, 1675, 1680], [121, 1675, 1680]]",0,cuda,17613568.66,2025-07-06T08:54:30.825231,2025-07-06T08:54:31.952508,154.09,97.56,100.0,87.37,9379.0,9376.04,40.62,42.0,NVIDIA A10
"[[105, 1679, 1684], [113, 1679, 1684], [121, 1679, 1684]]",0,cuda,18882582.56,2025-07-06T08:54:41.976197,2025-07-06T08:54:43.184691,152.3,93.04,100.0,82.44,9409.0,9406.37,40.61,42.0,NVIDIA A10
"[[105, 1683, 1688], [113, 1683, 1688], [121, 1683, 1688]]",0,cuda,17995343.23,2025-07-06T08:54:53.207232,2025-07-06T08:54:54.358943,154.0,88.64,100.0,77.66,9437.0,9434.0,40.75,42.0,NVIDIA A10
"[[105, 1687, 1692], [113, 1687, 1692], [121, 1687, 1692]]",0,cuda,19005227.56,2025-07-06T08:55:04.381489,2025-07-06T08:55:05.597836,150.46,133.05,100.0,87.12,9467.0,9464.16,40.64,42.0,NVIDIA A10
"[[105, 1691, 1696], [113, 1691, 1696], [121, 1691, 1696]]",0,cuda,17511683.73,2025-07-06T08:55:15.621050,2025-07-06T08:55:16.741807,153.8,97.22,100.0,75.16,9497.0,9493.91,40.53,42.0,NVIDIA A10
"[[105, 1695, 1700], [113, 1695, 1700], [121, 1695, 1700]]",0,cuda,19224529.11,2025-07-06T08:55:26.765959,2025-07-06T08:55:27.996338,153.7,99.24,100.0,87.99,9529.0,9526.24,40.67,42.0,NVIDIA A10
"[[105, 1699, 1704], [113, 1699, 1704], [121, 1699, 1704]]",0,cuda,18374127.73,2025-07-06T08:55:38.019313,2025-07-06T08:55:39.195267,150.09,132.66,100.0,90.27,9559.0,9556.1,40.81,42.0,NVIDIA A10
"[[105, 1703, 1708], [113, 1703, 1708], [121, 1703, 1708]]",0,cuda,19507746.92,2025-07-06T08:55:49.217717,2025-07-06T08:55:50.466221,153.8,106.34,100.0,90.28,9589.0,9586.25,40.93,42.0,NVIDIA A10
"[[105, 1707, 1712], [113, 1707, 1712], [121, 1707, 1712]]",0,cuda,18226814.66,2025-07-06T08:56:00.489353,2025-07-06T08:56:01.655879,150.97,125.44,100.0,91.11,9619.0,9616.16,40.88,42.0,NVIDIA A10
"[[105, 1711, 1716], [113, 1711, 1716], [121, 1711, 1716]]",0,cuda,19679507.45,2025-07-06T08:56:11.680130,2025-07-06T08:56:12.939627,153.02,124.71,100.0,91.55,9737.0,9734.18,41.05,42.0,NVIDIA A10
"[[105, 1715, 1720], [113, 1715, 1720], [121, 1715, 1720]]",0,cuda,18632554.16,2025-07-06T08:56:22.962503,2025-07-06T08:56:24.154996,150.52,122.37,100.0,85.01,9767.0,9764.35,41.08,42.0,NVIDIA A10
"[[105, 1719, 1724], [113, 1719, 1724], [121, 1719, 1724]]",0,cuda,19774067.98,2025-07-06T08:56:34.178086,2025-07-06T08:56:35.443635,149.91,105.3,100.0,86.82,9975.0,9972.1,40.94,42.0,NVIDIA A10
"[[105, 1723, 1728], [113, 1723, 1728], [121, 1723, 1728]]",0,cuda,17959220.27,2025-07-06T08:56:45.466589,2025-07-06T08:56:46.615988,149.7,120.53,100.0,88.69,10007.0,10003.88,40.85,42.0,NVIDIA A10
"[[105, 1727, 1732], [113, 1727, 1732], [121, 1727, 1732]]",0,cuda,19921363.61,2025-07-06T08:56:56.638628,2025-07-06T08:56:57.913604,153.8,111.26,100.0,88.63,10039.0,10036.17,40.7,42.0,NVIDIA A10
"[[105, 1731, 1736], [113, 1731, 1736], [121, 1731, 1736]]",0,cuda,18990312.59,2025-07-06T08:57:07.936697,2025-07-06T08:57:09.152089,177.62,126.68,100.0,81.56,10069.0,10066.02,40.7,42.0,NVIDIA A10
"[[105, 1735, 1740], [113, 1735, 1740], [121, 1735, 1740]]",0,cuda,20253849.38,2025-07-06T08:57:19.175625,2025-07-06T08:57:20.471881,150.25,115.86,100.0,84.24,10097.0,10094.18,40.88,42.0,NVIDIA A10
"[[105, 1739, 1744], [113, 1739, 1744], [121, 1739, 1744]]",0,cuda,18921674.91,2025-07-06T08:57:30.495436,2025-07-06T08:57:31.706432,153.9,123.15,100.0,91.99,10127.0,10123.97,40.78,42.0,NVIDIA A10
"[[105, 1743, 1748], [113, 1743, 1748], [121, 1743, 1748]]",0,cuda,20438929.86,2025-07-06T08:57:41.729890,2025-07-06T08:57:43.037991,150.63,122.71,100.0,93.77,10161.0,10158.2,41.13,42.0,NVIDIA A10
"[[105, 1747, 1752], [113, 1747, 1752], [121, 1747, 1752]]",0,cuda,19411581.02,2025-07-06T08:57:53.061413,2025-07-06T08:57:54.303763,153.22,109.9,100.0,90.2,10193.0,10190.03,41.1,42.0,NVIDIA A10
"[[105, 1751, 1756], [113, 1751, 1756], [121, 1751, 1756]]",0,cuda,20454162.36,2025-07-06T08:58:04.327265,2025-07-06T08:58:05.636341,150.8,128.12,100.0,92.45,10223.0,10220.16,41.06,42.0,NVIDIA A10
"[[105, 1755, 1760], [113, 1755, 1760], [121, 1755, 1760]]",0,cuda,18871731.59,2025-07-06T08:58:15.659857,2025-07-06T08:58:16.867657,153.22,136.75,100.0,88.59,10253.0,10249.91,41.08,42.0,NVIDIA A10
"[[105, 1759, 1764], [113, 1759, 1764], [121, 1759, 1764]]",0,cuda,20694832.89,2025-07-06T08:58:26.891372,2025-07-06T08:58:28.215850,150.75,128.25,100.0,90.08,10285.0,10282.25,40.91,42.0,NVIDIA A10
"[[105, 1763, 1768], [113, 1763, 1768], [121, 1763, 1768]]",0,cuda,19752117.48,2025-07-06T08:58:38.239866,2025-07-06T08:58:39.504011,150.68,104.9,100.0,87.09,10317.0,10314.1,40.96,42.0,NVIDIA A10
"[[105, 1767, 1772], [113, 1767, 1772], [121, 1767, 1772]]",0,cuda,21008620.58,2025-07-06T08:58:49.527806,2025-07-06T08:58:50.872367,152.43,131.54,100.0,89.75,10347.0,10344.19,40.88,42.0,NVIDIA A10
"[[105, 1771, 1776], [113, 1771, 1776], [121, 1771, 1776]]",0,cuda,19673772.17,2025-07-06T08:59:00.896033,2025-07-06T08:59:02.155163,151.36,103.6,100.0,88.21,10377.0,10373.98,41.0,42.0,NVIDIA A10
"[[105, 1775, 1780], [113, 1775, 1780], [121, 1775, 1780]]",0,cuda,21223119.89,2025-07-06T08:59:12.178593,2025-07-06T08:59:13.536881,153.61,109.33,100.0,82.29,10409.0,10406.42,41.08,42.0,NVIDIA A10
"[[105, 1779, 1784], [113, 1779, 1784], [121, 1779, 1784]]",0,cuda,20088719.12,2025-07-06T08:59:23.560684,2025-07-06T08:59:24.846371,150.28,91.62,100.0,79.37,10539.0,10536.09,41.04,42.0,NVIDIA A10
"[[105, 1783, 1788], [113, 1783, 1788], [121, 1783, 1788]]",0,cuda,21290867.38,2025-07-06T08:59:34.870795,2025-07-06T08:59:36.233423,154.19,95.97,100.0,83.21,10569.0,10566.18,40.95,42.0,NVIDIA A10
"[[105, 1787, 1792], [113, 1787, 1792], [121, 1787, 1792]]",0,cuda,19248213.25,2025-07-06T08:59:46.258265,2025-07-06T08:59:47.490161,150.76,100.07,100.0,85.33,10601.0,10597.95,41.18,42.0,NVIDIA A10
"[[105, 1791, 1796], [113, 1791, 1796], [121, 1791, 1796]]",0,cuda,21428225.08,2025-07-06T08:59:57.514217,2025-07-06T08:59:58.885633,153.12,108.7,100.0,90.57,10633.0,10630.17,41.2,42.0,NVIDIA A10
"[[105, 1795, 1800], [113, 1795, 1800], [121, 1795, 1800]]",0,cuda,20456229.78,2025-07-06T09:00:08.909702,2025-07-06T09:00:10.218910,155.07,104.35,100.0,89.44,10665.0,10662.02,41.13,42.0,NVIDIA A10
"[[105, 1799, 1804], [113, 1799, 1804], [121, 1799, 1804]]",0,cuda,21698553.41,2025-07-06T09:00:20.243304,2025-07-06T09:00:21.632020,150.49,120.18,100.0,84.85,10697.0,10694.18,41.19,42.0,NVIDIA A10
"[[105, 1803, 1808], [113, 1803, 1808], [121, 1803, 1808]]",0,cuda,20380482.41,2025-07-06T09:00:31.656093,2025-07-06T09:00:32.960453,154.78,126.71,100.0,84.46,10729.0,10725.99,41.24,42.0,NVIDIA A10
"[[105, 1807, 1812], [113, 1807, 1812], [121, 1807, 1812]]",0,cuda,21906137.8,2025-07-06T09:00:42.984709,2025-07-06T09:00:44.386712,153.51,127.96,100.0,91.64,10761.0,10758.18,41.15,42.0,NVIDIA A10
"[[105, 1811, 1816], [113, 1811, 1816], [121, 1811, 1816]]",0,cuda,20800403.17,2025-07-06T09:00:54.411478,2025-07-06T09:00:55.742713,153.8,127.37,100.0,90.08,10793.0,10790.02,41.16,42.0,NVIDIA A10
"[[105, 1815, 1820], [113, 1815, 1820], [121, 1815, 1820]]",0,cuda,22054995.05,2025-07-06T09:01:05.767183,2025-07-06T09:01:07.178711,150.72,107.46,100.0,90.13,10825.0,10822.18,41.07,42.0,NVIDIA A10
"[[105, 1819, 1824], [113, 1819, 1824], [121, 1819, 1824]]",0,cuda,20265382.22,2025-07-06T09:01:17.203638,2025-07-06T09:01:18.500632,153.22,131.83,100.0,87.97,10857.0,10853.9,41.08,42.0,NVIDIA A10
"[[105, 1823, 1828], [113, 1823, 1828], [121, 1823, 1828]]",0,cuda,22271408.72,2025-07-06T09:01:28.525267,2025-07-06T09:01:29.950646,153.22,109.57,100.0,85.56,10889.0,10886.17,41.14,42.0,NVIDIA A10
"[[105, 1827, 1832], [113, 1827, 1832], [121, 1827, 1832]]",0,cuda,21240669.83,2025-07-06T09:01:39.975221,2025-07-06T09:01:41.334636,155.75,108.77,100.0,91.4,10923.0,10920.03,41.01,42.0,NVIDIA A10
"[[105, 1831, 1836], [113, 1831, 1836], [121, 1831, 1836]]",0,cuda,22568598.11,2025-07-06T09:01:51.359276,2025-07-06T09:01:52.803676,153.8,114.8,100.0,90.49,10953.0,10950.51,41.42,42.0,NVIDIA A10
"[[105, 1835, 1840], [113, 1835, 1840], [121, 1835, 1840]]",0,cuda,21065477.59,2025-07-06T09:02:02.829359,2025-07-06T09:02:04.177559,167.17,129.44,100.0,92.74,11189.0,11185.97,41.35,42.0,NVIDIA A10
"[[105, 1839, 1844], [113, 1839, 1844], [121, 1839, 1844]]",0,cuda,22730432.53,2025-07-06T09:02:14.201914,2025-07-06T09:02:15.656671,153.51,115.04,100.0,91.45,11221.0,11218.19,41.33,43.0,NVIDIA A10
"[[105, 1843, 1848], [113, 1843, 1848], [121, 1843, 1848]]",0,cuda,21525949.59,2025-07-06T09:02:25.681746,2025-07-06T09:02:27.059416,153.61,115.42,100.0,84.57,11255.0,11252.21,41.19,42.0,NVIDIA A10
"[[105, 1847, 1852], [113, 1847, 1852], [121, 1847, 1852]]",0,cuda,22788905.06,2025-07-06T09:02:37.084416,2025-07-06T09:02:38.542915,153.8,113.84,100.0,84.71,11287.0,11284.36,41.31,42.0,NVIDIA A10
"[[105, 1851, 1856], [113, 1851, 1856], [121, 1851, 1856]]",0,cuda,20712555.11,2025-07-06T09:02:48.568099,2025-07-06T09:02:49.893711,153.31,105.38,100.0,88.17,11319.0,11316.01,41.24,42.0,NVIDIA A10
"[[105, 1855, 1860], [113, 1855, 1860], [121, 1855, 1860]]",0,cuda,22988781.61,2025-07-06T09:02:59.918262,2025-07-06T09:03:01.389553,173.53,117.84,100.0,85.5,11351.0,11348.16,41.3,42.0,NVIDIA A10
"[[105, 1859, 1864], [113, 1859, 1864], [121, 1859, 1864]]",0,cuda,21905202.91,2025-07-06T09:03:11.414781,2025-07-06T09:03:12.816723,153.7,125.22,100.0,89.41,11385.0,11382.22,41.24,42.0,NVIDIA A10
"[[105, 1863, 1868], [113, 1863, 1868], [121, 1863, 1868]]",0,cuda,23338680.94,2025-07-06T09:03:22.842073,2025-07-06T09:03:24.335757,154.19,113.22,100.0,83.52,11419.0,11416.19,41.26,43.0,NVIDIA A10
"[[105, 1867, 1872], [113, 1867, 1872], [121, 1867, 1872]]",0,cuda,21817620.58,2025-07-06T09:03:34.361499,2025-07-06T09:03:35.757836,150.15,133.57,100.0,86.25,11451.0,11447.98,41.19,42.0,NVIDIA A10
"[[105, 1871, 1876], [113, 1871, 1876], [121, 1871, 1876]]",0,cuda,23572776.09,2025-07-06T09:03:45.783292,2025-07-06T09:03:47.291959,150.81,100.31,100.0,87.35,11485.0,11482.2,41.18,43.0,NVIDIA A10
"[[105, 1875, 1880], [113, 1875, 1880], [121, 1875, 1880]]",0,cuda,22409877.16,2025-07-06T09:03:57.317320,2025-07-06T09:03:58.751561,151.56,118.42,100.0,94.81,11519.0,11516.03,41.45,43.0,NVIDIA A10
"[[105, 1879, 1884], [113, 1879, 1884], [121, 1879, 1884]]",0,cuda,23602690.16,2025-07-06T09:04:08.777263,2025-07-06T09:04:10.287844,153.7,126.87,100.0,87.49,11551.0,11548.24,41.45,43.0,NVIDIA A10
"[[105, 1883, 1888], [113, 1883, 1888], [121, 1883, 1888]]",0,cuda,21726554.75,2025-07-06T09:04:20.313692,2025-07-06T09:04:21.704203,151.94,116.42,100.0,87.24,11585.0,11582.12,41.42,43.0,NVIDIA A10
"[[105, 1887, 1892], [113, 1887, 1892], [121, 1887, 1892]]",0,cuda,23841100.67,2025-07-06T09:04:31.730033,2025-07-06T09:04:33.255872,152.63,137.2,100.0,93.27,11617.0,11614.37,41.41,43.0,NVIDIA A10
"[[105, 1891, 1896], [113, 1891, 1896], [121, 1891, 1896]]",0,cuda,22725462.62,2025-07-06T09:04:43.282168,2025-07-06T09:04:44.736607,168.05,112.09,100.0,91.57,11651.0,11648.03,41.35,43.0,NVIDIA A10
"[[105, 1895, 1900], [113, 1895, 1900], [121, 1895, 1900]]",0,cuda,24157320.61,2025-07-06T09:04:54.762544,2025-07-06T09:04:56.308622,153.7,128.36,100.0,85.37,11685.0,11682.34,41.43,43.0,NVIDIA A10
"[[105, 1899, 1904], [113, 1899, 1904], [121, 1899, 1904]]",0,cuda,22622982.28,2025-07-06T09:05:06.334858,2025-07-06T09:05:07.782738,152.92,131.06,100.0,91.74,11827.0,11823.99,41.35,43.0,NVIDIA A10
"[[105, 1903, 1908], [113, 1903, 1908], [121, 1903, 1908]]",0,cuda,24445571.83,2025-07-06T09:05:17.808688,2025-07-06T09:05:19.373214,150.16,116.06,100.0,87.91,11861.0,11858.52,41.37,43.0,NVIDIA A10
"[[105, 1907, 1912], [113, 1907, 1912], [121, 1907, 1912]]",0,cuda,23111399.33,2025-07-06T09:05:29.399204,2025-07-06T09:05:30.878343,153.22,107.44,100.0,86.06,12113.0,12110.03,41.36,43.0,NVIDIA A10
"[[105, 1911, 1916], [113, 1911, 1916], [121, 1911, 1916]]",0,cuda,24492137.83,2025-07-06T09:05:40.904162,2025-07-06T09:05:42.471668,154.09,121.59,100.0,89.96,12149.0,12146.18,41.19,43.0,NVIDIA A10
"[[105, 1915, 1920], [113, 1915, 1920], [121, 1915, 1920]]",0,cuda,22101526.34,2025-07-06T09:05:52.498173,2025-07-06T09:05:53.912680,152.73,107.01,100.0,91.8,12183.0,12179.88,41.24,43.0,NVIDIA A10
"[[105, 1919, 1924], [113, 1919, 1924], [121, 1919, 1924]]",0,cuda,24673119.98,2025-07-06T09:06:03.938359,2025-07-06T09:06:05.517448,150.05,101.67,100.0,92.1,12217.0,12214.18,41.6,43.0,NVIDIA A10
"[[105, 1923, 1928], [113, 1923, 1928], [121, 1923, 1928]]",0,cuda,23501380.06,2025-07-06T09:06:15.543701,2025-07-06T09:06:17.047799,151.06,129.14,100.0,93.0,12251.0,12247.82,41.59,43.0,NVIDIA A10
"[[105, 1927, 1932], [113, 1927, 1932], [121, 1927, 1932]]",0,cuda,24968654.81,2025-07-06T09:06:27.074222,2025-07-06T09:06:28.672225,154.09,131.31,100.0,90.02,12285.0,12282.19,41.62,43.0,NVIDIA A10
"[[105, 1931, 1936], [113, 1931, 1936], [121, 1931, 1936]]",0,cuda,23402990.17,2025-07-06T09:06:38.699115,2025-07-06T09:06:40.196916,155.46,114.99,100.0,90.71,12319.0,12315.98,41.47,43.0,NVIDIA A10
"[[105, 1935, 1940], [113, 1935, 1940], [121, 1935, 1940]]",0,cuda,25150541.97,2025-07-06T09:06:50.223259,2025-07-06T09:06:51.832905,150.23,109.84,100.0,86.27,12353.0,12350.37,41.51,43.0,NVIDIA A10
"[[105, 1939, 1944], [113, 1939, 1944], [121, 1939, 1944]]",0,cuda,23918423.48,2025-07-06T09:07:01.860162,2025-07-06T09:07:03.390951,176.03,112.8,100.0,87.55,12387.0,12384.1,41.46,43.0,NVIDIA A10
"[[105, 1943, 1948], [113, 1943, 1948], [121, 1943, 1948]]",0,cuda,25316699.97,2025-07-06T09:07:13.417519,2025-07-06T09:07:15.037797,163.08,139.98,100.0,85.34,12421.0,12418.17,41.53,43.0,NVIDIA A10
"[[105, 1947, 1952], [113, 1947, 1952], [121, 1947, 1952]]",0,cuda,23265233.33,2025-07-06T09:07:25.064319,2025-07-06T09:07:26.553302,154.29,113.15,100.0,86.71,12457.0,12454.12,41.4,43.0,NVIDIA A10
"[[105, 1951, 1956], [113, 1951, 1956], [121, 1951, 1956]]",0,cuda,25542977.33,2025-07-06T09:07:36.582480,2025-07-06T09:07:38.217240,154.39,126.64,100.0,92.03,12491.0,12488.18,41.45,43.0,NVIDIA A10
"[[105, 1955, 1960], [113, 1955, 1960], [121, 1955, 1960]]",0,cuda,24350557.36,2025-07-06T09:07:48.244262,2025-07-06T09:07:49.802706,154.29,115.74,100.0,85.22,12525.0,12522.02,41.36,43.0,NVIDIA A10
"[[105, 1959, 1964], [113, 1959, 1964], [121, 1959, 1964]]",0,cuda,25902169.16,2025-07-06T09:07:59.829238,2025-07-06T09:08:01.486987,154.0,115.43,100.0,95.54,12559.0,12556.2,41.52,43.0,NVIDIA A10
"[[105, 1963, 1968], [113, 1963, 1968], [121, 1963, 1968]]",0,cuda,24130773.14,2025-07-06T09:08:11.513805,2025-07-06T09:08:13.058183,168.24,124.32,100.0,89.01,12593.0,12590.2,41.61,43.0,NVIDIA A10
"[[105, 1967, 1972], [113, 1967, 1972], [121, 1967, 1972]]",0,cuda,26073758.05,2025-07-06T09:08:23.085301,2025-07-06T09:08:24.754031,153.7,108.44,100.0,87.77,12631.0,12628.35,41.67,43.0,NVIDIA A10
"[[105, 1971, 1976], [113, 1971, 1976], [121, 1971, 1976]]",0,cuda,24632727.59,2025-07-06T09:08:34.781547,2025-07-06T09:08:36.358051,159.17,118.8,100.0,91.82,12779.0,12776.02,41.62,43.0,NVIDIA A10
"[[105, 1975, 1980], [113, 1975, 1980], [121, 1975, 1980]]",0,cuda,26135435.94,2025-07-06T09:08:46.388281,2025-07-06T09:08:48.060958,154.19,138.35,100.0,92.22,12813.0,12810.17,41.65,43.0,NVIDIA A10
"[[105, 1979, 1984], [113, 1979, 1984], [121, 1979, 1984]]",0,cuda,23695170.73,2025-07-06T09:08:58.088884,2025-07-06T09:08:59.605384,150.81,108.74,100.0,85.52,12849.0,12845.88,41.62,43.0,NVIDIA A10
"[[105, 1983, 1988], [113, 1983, 1988], [121, 1983, 1988]]",0,cuda,26295981.8,2025-07-06T09:09:09.632075,2025-07-06T09:09:11.315033,150.17,121.45,100.0,92.73,12883.0,12880.17,41.63,43.0,NVIDIA A10
"[[105, 1987, 1992], [113, 1987, 1992], [121, 1987, 1992]]",0,cuda,25043409.64,2025-07-06T09:09:21.343259,2025-07-06T09:09:22.946047,153.51,116.45,100.0,89.03,12919.0,12916.02,41.58,43.0,NVIDIA A10
"[[105, 1991, 1996], [113, 1991, 1996], [121, 1991, 1996]]",0,cuda,26712249.28,2025-07-06T09:09:32.976313,2025-07-06T09:09:34.685907,150.52,115.89,100.0,90.11,12955.0,12952.2,41.62,43.0,NVIDIA A10
"[[105, 1995, 2000], [113, 1995, 2000], [121, 1995, 2000]]",0,cuda,24915530.59,2025-07-06T09:09:44.713870,2025-07-06T09:09:46.308473,153.51,127.92,100.0,86.33,12989.0,12985.97,41.5,43.0,NVIDIA A10
"[[105, 1999, 2004], [113, 1999, 2004], [121, 1999, 2004]]",0,cuda,26942114.17,2025-07-06T09:09:56.336006,2025-07-06T09:09:58.060310,153.9,109.57,100.0,89.71,13025.0,13022.39,41.6,43.0,NVIDIA A10
"[[105, 2003, 2008], [113, 2003, 2008], [121, 2003, 2008]]",0,cuda,25562183.7,2025-07-06T09:10:08.087839,2025-07-06T09:10:09.723828,152.8,122.07,100.0,94.94,13061.0,13058.23,41.79,43.0,NVIDIA A10
"[[105, 2007, 2012], [113, 2007, 2012], [121, 2007, 2012]]",0,cuda,26934790.45,2025-07-06T09:10:19.751036,2025-07-06T09:10:21.474871,153.61,140.72,100.0,88.52,13095.0,13092.17,41.79,43.0,NVIDIA A10
"[[105, 2011, 2016], [113, 2011, 2016], [121, 2011, 2016]]",0,cuda,24798381.08,2025-07-06T09:10:31.502523,2025-07-06T09:10:33.089628,154.19,122.52,100.0,94.11,13131.0,13127.92,41.83,43.0,NVIDIA A10
"[[105, 2015, 2020], [113, 2015, 2020], [121, 2015, 2020]]",0,cuda,27209016.33,2025-07-06T09:10:43.120632,2025-07-06T09:10:44.862018,154.39,133.36,100.0,93.88,13167.0,13164.11,41.74,43.0,NVIDIA A10
"[[105, 2019, 2024], [113, 2019, 2024], [121, 2019, 2024]]",0,cuda,25913738.42,2025-07-06T09:10:54.890359,2025-07-06T09:10:56.548848,153.12,120.98,100.0,87.92,13205.0,13202.03,41.74,43.0,NVIDIA A10
"[[105, 2023, 2028], [113, 2023, 2028], [121, 2023, 2028]]",0,cuda,27597638.73,2025-07-06T09:11:06.577064,2025-07-06T09:11:08.343322,153.22,118.09,100.0,88.99,13239.0,13236.2,41.77,43.0,NVIDIA A10
"[[105, 2027, 2032], [113, 2027, 2032], [121, 2027, 2032]]",0,cuda,25806174.41,2025-07-06T09:11:18.371867,2025-07-06T09:11:20.023471,152.73,108.82,100.0,87.51,13275.0,13271.98,41.71,43.0,NVIDIA A10
"[[105, 2031, 2036], [113, 2031, 2036], [121, 2031, 2036]]",0,cuda,27890642.45,2025-07-06T09:11:30.051937,2025-07-06T09:11:31.836950,150.97,116.96,100.0,88.93,13311.0,13308.52,41.73,43.0,NVIDIA A10
"[[105, 2035, 2040], [113, 2035, 2040], [121, 2035, 2040]]",0,cuda,26327876.62,2025-07-06T09:11:41.865271,2025-07-06T09:11:43.550265,153.02,108.75,100.0,86.4,13595.0,13592.02,41.62,43.0,NVIDIA A10
"[[105, 2039, 2044], [113, 2039, 2044], [121, 2039, 2044]]",0,cuda,27932928.09,2025-07-06T09:11:53.578157,2025-07-06T09:11:55.365873,160.73,125.8,100.0,87.78,13629.0,13626.18,41.71,43.0,NVIDIA A10
"[[105, 2043, 2048], [113, 2043, 2048], [121, 2043, 2048]]",0,cuda,25163084.02,2025-07-06T09:12:05.394070,2025-07-06T09:12:07.004517,153.7,105.9,100.0,89.14,13665.0,13661.87,41.8,43.0,NVIDIA A10
"[[105, 2047, 2052], [113, 2047, 2052], [121, 2047, 2052]]",0,cuda,28104284.44,2025-07-06T09:12:17.032466,2025-07-06T09:12:18.831150,150.73,117.98,100.0,90.26,13701.0,13698.58,41.84,43.0,NVIDIA A10
"[[105, 2051, 2056], [113, 2051, 2056], [121, 2051, 2056]]",0,cuda,26736462.55,2025-07-06T09:12:28.859925,2025-07-06T09:12:30.571068,162.58,140.46,100.0,91.06,13739.0,13736.03,41.91,43.0,NVIDIA A10
"[[105, 2055, 2060], [113, 2055, 2060], [121, 2055, 2060]]",0,cuda,28430095.17,2025-07-06T09:12:40.599733,2025-07-06T09:12:42.419268,155.67,130.6,100.0,99.01,13775.0,13772.38,42.01,43.0,NVIDIA A10
"[[105, 2059, 2064], [113, 2059, 2064], [121, 2059, 2064]]",0,cuda,26632541.06,2025-07-06T09:12:52.451329,2025-07-06T09:12:54.155822,153.02,138.04,100.0,89.85,13809.0,13805.99,41.84,43.0,NVIDIA A10
"[[105, 2063, 2068], [113, 2063, 2068], [121, 2063, 2068]]",0,cuda,28675846.58,2025-07-06T09:13:04.184028,2025-07-06T09:13:06.019292,154.0,133.84,100.0,94.17,13847.0,13844.18,41.89,43.0,NVIDIA A10
"[[105, 2067, 2072], [113, 2067, 2072], [121, 2067, 2072]]",0,cuda,27182514.33,2025-07-06T09:13:16.047915,2025-07-06T09:13:17.787605,153.39,111.59,100.0,89.08,13885.0,13882.03,41.82,43.0,NVIDIA A10
"[[105, 2071, 2076], [113, 2071, 2076], [121, 2071, 2076]]",0,cuda,28791699.3,2025-07-06T09:13:27.816090,2025-07-06T09:13:29.658768,165.8,117.49,100.0,87.68,13921.0,13918.18,41.79,43.0,NVIDIA A10
"[[105, 2075, 2080], [113, 2075, 2080], [121, 2075, 2080]]",0,cuda,26396999.05,2025-07-06T09:13:39.690602,2025-07-06T09:13:41.380022,159.37,115.94,100.0,89.01,13959.0,13955.92,41.76,43.0,NVIDIA A10
"[[105, 2079, 2084], [113, 2079, 2084], [121, 2079, 2084]]",0,cuda,29056968.17,2025-07-06T09:13:51.409606,2025-07-06T09:13:53.269261,153.41,131.33,100.0,86.71,13995.0,13992.2,41.8,43.0,NVIDIA A10
"[[105, 2083, 2088], [113, 2083, 2088], [121, 2083, 2088]]",0,cuda,27656567.81,2025-07-06T09:14:03.298817,2025-07-06T09:14:05.068847,152.73,112.38,100.0,90.81,14031.0,14028.24,41.8,43.0,NVIDIA A10
"[[105, 2087, 2092], [113, 2087, 2092], [121, 2087, 2092]]",0,cuda,29456066.61,2025-07-06T09:14:15.098904,2025-07-06T09:14:16.984101,153.7,120.02,100.0,91.0,14069.0,14066.14,42.07,43.0,NVIDIA A10
"[[105, 2091, 2096], [113, 2091, 2096], [121, 2091, 2096]]",0,cuda,27402276.22,2025-07-06T09:14:27.013699,2025-07-06T09:14:28.767454,172.65,124.29,100.0,94.71,14105.0,14101.98,41.91,43.0,NVIDIA A10
"[[105, 2095, 2100], [113, 2095, 2100], [121, 2095, 2100]]",0,cuda,29627299.91,2025-07-06T09:14:38.796893,2025-07-06T09:14:40.693050,153.61,123.69,100.0,94.24,14143.0,14140.13,41.94,43.0,NVIDIA A10
"[[105, 2099, 2104], [113, 2099, 2104], [121, 2099, 2104]]",0,cuda,27957511.38,2025-07-06T09:14:50.722878,2025-07-06T09:14:52.512168,153.22,119.42,100.0,90.8,14181.0,14178.19,41.98,43.0,NVIDIA A10
"[[105, 2103, 2108], [113, 2103, 2108], [121, 2103, 2108]]",0,cuda,29683905.94,2025-07-06T09:15:02.541922,2025-07-06T09:15:04.441702,166.02,139.92,100.0,91.9,14349.0,14346.17,41.96,43.0,NVIDIA A10
"[[105, 2107, 2112], [113, 2107, 2112], [121, 2107, 2112]]",0,cuda,26862942.42,2025-07-06T09:15:14.471868,2025-07-06T09:15:16.191107,150.45,133.31,100.0,86.03,14387.0,14383.75,41.97,43.0,NVIDIA A10
"[[105, 2111, 2116], [113, 2111, 2116], [121, 2111, 2116]]",0,cuda,29857911.73,2025-07-06T09:15:26.222287,2025-07-06T09:15:28.133204,153.8,117.91,100.0,92.66,14423.0,14420.8,41.94,43.0,NVIDIA A10
"[[105, 2115, 2120], [113, 2115, 2120], [121, 2115, 2120]]",0,cuda,28395056.59,2025-07-06T09:15:38.165072,2025-07-06T09:15:39.982364,153.22,136.03,100.0,90.68,14731.0,14728.02,41.87,43.0,NVIDIA A10
"[[105, 2119, 2124], [113, 2119, 2124], [121, 2119, 2124]]",0,cuda,30353120.53,2025-07-06T09:15:50.012959,2025-07-06T09:15:51.955571,152.7,117.93,100.0,91.76,14769.0,14766.4,41.85,43.0,NVIDIA A10
"[[105, 2123, 2128], [113, 2123, 2128], [121, 2123, 2128]]",0,cuda,28257876.3,2025-07-06T09:16:01.986024,2025-07-06T09:16:03.794537,153.51,114.31,100.0,90.55,14807.0,14803.99,41.84,43.0,NVIDIA A10
"[[105, 2127, 2132], [113, 2127, 2132], [121, 2127, 2132]]",0,cuda,30569499.98,2025-07-06T09:16:13.825027,2025-07-06T09:16:15.781485,154.78,133.41,100.0,93.65,14845.0,14842.2,42.11,43.0,NVIDIA A10
"[[105, 2131, 2136], [113, 2131, 2136], [121, 2131, 2136]]",0,cuda,28950642.09,2025-07-06T09:16:25.812673,2025-07-06T09:16:27.665523,153.7,123.3,100.0,93.04,14883.0,14880.03,42.06,43.0,NVIDIA A10
"[[105, 2135, 2140], [113, 2135, 2140], [121, 2135, 2140]]",0,cuda,30533458.84,2025-07-06T09:16:37.697390,2025-07-06T09:16:39.651541,153.7,140.81,100.0,95.32,14921.0,14918.17,42.06,43.0,NVIDIA A10
"[[105, 2139, 2144], [113, 2139, 2144], [121, 2139, 2144]]",0,cuda,28087375.83,2025-07-06T09:16:49.681785,2025-07-06T09:16:51.479386,153.31,132.58,100.0,94.16,14959.0,14955.92,42.14,43.0,NVIDIA A10
"[[105, 2143, 2148], [113, 2143, 2148], [121, 2143, 2148]]",0,cuda,30781895.7,2025-07-06T09:17:01.510132,2025-07-06T09:17:03.480183,154.09,116.77,100.0,94.86,14997.0,14994.18,42.02,43.0,NVIDIA A10
"[[105, 2147, 2152], [113, 2147, 2152], [121, 2147, 2152]]",0,cuda,29322991.94,2025-07-06T09:17:13.511832,2025-07-06T09:17:15.388514,153.31,141.76,100.0,96.27,15035.0,15032.04,42.01,43.0,NVIDIA A10
"[[105, 2151, 2156], [113, 2151, 2156], [121, 2151, 2156]]",0,cuda,31244779.89,2025-07-06T09:17:25.419695,2025-07-06T09:17:27.419371,150.16,129.24,100.0,91.53,15073.0,15070.21,41.97,43.0,NVIDIA A10
"[[105, 2155, 2160], [113, 2155, 2160], [121, 2155, 2160]]",0,cuda,29145977.3,2025-07-06T09:17:37.450041,2025-07-06T09:17:39.315393,153.7,120.59,100.0,91.76,15111.0,15107.99,41.96,43.0,NVIDIA A10
"[[105, 2159, 2164], [113, 2159, 2164], [121, 2159, 2164]]",0,cuda,31541744.45,2025-07-06T09:17:49.346752,2025-07-06T09:17:51.365444,153.22,140.02,100.0,88.24,15149.0,15146.39,41.96,43.0,NVIDIA A10
