tensor_shape,dim,device,duration,start_time,end_time,max_gpu_power,avg_gpu_power,max_gpu_util,avg_gpu_utils,max_gpu_memory_used,avg_gpu_memory_used,avg_temperature,max_temperature,gpu_model
"[129, 134, 129]",0,cuda,392967.95,2025-07-03T21:51:11.872842,2025-07-03T21:51:11.898002,29.63,29.63,3.0,3.0,731.0,729.82,31.0,31.0,NVIDIA A10
"[133, 138, 133]",0,cuda,10746.05,2025-07-03T21:51:21.911335,2025-07-03T21:51:21.912031,55.12,55.12,0.0,0.0,731.0,731.0,32.0,32.0,NVIDIA A10
"[137, 142, 137]",0,cuda,336194.25,2025-07-03T21:51:31.923536,2025-07-03T21:51:31.945061,55.33,55.33,0.0,0.0,743.0,743.0,33.0,33.0,NVIDIA A10
"[141, 146, 141]",0,cuda,201483.95,2025-07-03T21:51:41.958357,2025-07-03T21:51:41.971260,55.07,55.07,0.0,0.0,743.0,742.81,33.0,33.0,NVIDIA A10
"[145, 150, 145]",0,cuda,230675.08,2025-07-03T21:51:51.984094,2025-07-03T21:51:51.998865,55.06,55.06,0.0,0.0,751.0,750.85,33.0,33.0,NVIDIA A10
"[149, 154, 149]",0,cuda,215418.47,2025-07-03T21:52:02.011317,2025-07-03T21:52:02.025112,54.9,54.9,0.0,0.0,739.0,737.73,33.0,33.0,NVIDIA A10
"[153, 158, 153]",0,cuda,363943.25,2025-07-03T21:52:12.039699,2025-07-03T21:52:12.063000,55.27,55.26,0.0,0.0,757.0,756.48,34.0,34.0,NVIDIA A10
"[157, 162, 157]",0,cuda,228510.42,2025-07-03T21:52:22.078178,2025-07-03T21:52:22.092810,55.71,55.71,0.0,0.0,743.0,742.67,34.0,34.0,NVIDIA A10
"[161, 166, 161]",0,cuda,447307.06,2025-07-03T21:52:32.104669,2025-07-03T21:52:32.133305,55.52,55.52,0.0,0.0,763.0,762.09,34.0,34.0,NVIDIA A10
"[165, 170, 165]",0,cuda,267815.48,2025-07-03T21:52:42.152837,2025-07-03T21:52:42.169986,55.31,55.31,0.0,0.0,747.0,746.79,34.0,34.0,NVIDIA A10
"[169, 174, 169]",0,cuda,297797.88,2025-07-03T21:52:52.183606,2025-07-03T21:52:52.202674,55.51,55.51,0.0,0.0,769.0,768.52,33.99,34.0,NVIDIA A10
"[173, 178, 173]",0,cuda,391068.11,2025-07-03T21:53:02.215460,2025-07-03T21:53:02.240497,55.32,55.32,0.0,0.0,775.0,772.62,34.0,34.0,NVIDIA A10
"[177, 182, 177]",0,cuda,288526.95,2025-07-03T21:53:12.254588,2025-07-03T21:53:12.273063,55.91,55.88,0.0,0.0,755.0,753.9,34.0,34.0,NVIDIA A10
"[181, 186, 181]",0,cuda,398401.8,2025-07-03T21:53:22.285356,2025-07-03T21:53:22.310863,55.22,55.22,0.0,0.0,781.0,777.42,34.0,34.0,NVIDIA A10
"[185, 190, 185]",0,cuda,501325.25,2025-07-03T21:53:32.322480,2025-07-03T21:53:32.354573,55.52,55.52,0.0,0.0,787.0,785.2,34.0,34.0,NVIDIA A10
"[189, 194, 189]",0,cuda,333313.22,2025-07-03T21:53:42.370625,2025-07-03T21:53:42.391965,56.24,56.1,0.0,0.0,793.0,791.81,34.0,34.0,NVIDIA A10
"[193, 198, 193]",0,cuda,644826.28,2025-07-03T21:53:52.405506,2025-07-03T21:53:52.446783,55.47,55.47,0.0,0.0,799.0,797.35,34.0,34.0,NVIDIA A10
"[197, 202, 197]",0,cuda,547207.97,2025-07-03T21:54:02.459478,2025-07-03T21:54:02.494509,56.38,55.64,0.0,0.0,771.0,770.03,34.0,34.0,NVIDIA A10
"[201, 206, 201]",0,cuda,679143.78,2025-07-03T21:54:12.506801,2025-07-03T21:54:12.550275,55.56,55.56,0.0,0.0,805.0,802.01,34.0,34.0,NVIDIA A10
"[205, 210, 205]",0,cuda,421950.95,2025-07-03T21:54:22.563520,2025-07-03T21:54:22.590532,55.62,55.61,0.0,0.0,811.0,810.43,34.0,34.0,NVIDIA A10
"[209, 214, 209]",0,cuda,582008.38,2025-07-03T21:54:32.604411,2025-07-03T21:54:32.641669,56.05,56.05,0.0,0.0,817.0,815.92,34.0,34.0,NVIDIA A10
"[213, 218, 213]",0,cuda,498563.39,2025-07-03T21:54:42.654690,2025-07-03T21:54:42.686608,56.15,56.15,0.0,0.0,823.0,820.57,34.0,34.0,NVIDIA A10
"[217, 222, 217]",0,cuda,580222.2,2025-07-03T21:54:52.701074,2025-07-03T21:54:52.738219,57.39,56.69,0.0,0.0,829.0,824.53,34.0,34.0,NVIDIA A10
"[221, 226, 221]",0,cuda,506044.66,2025-07-03T21:55:02.756704,2025-07-03T21:55:02.789099,55.91,55.91,0.0,0.0,839.0,834.32,34.0,34.0,NVIDIA A10
"[225, 230, 225]",0,cuda,784792.97,2025-07-03T21:55:12.807591,2025-07-03T21:55:12.857827,55.94,55.94,0.0,0.0,847.0,845.78,34.0,34.0,NVIDIA A10
"[229, 234, 229]",0,cuda,695596.89,2025-07-03T21:55:22.872871,2025-07-03T21:55:22.917397,55.96,55.96,0.0,0.0,853.0,850.89,34.0,34.0,NVIDIA A10
"[233, 238, 233]",0,cuda,663338.31,2025-07-03T21:55:32.930126,2025-07-03T21:55:32.972588,57.25,57.25,0.0,0.0,859.0,853.9,34.0,34.0,NVIDIA A10
"[237, 242, 237]",0,cuda,813410.33,2025-07-03T21:55:42.984352,2025-07-03T21:55:43.036418,57.6,56.18,0.0,0.0,865.0,862.48,34.0,34.0,NVIDIA A10
"[241, 246, 241]",0,cuda,715584.14,2025-07-03T21:55:53.048200,2025-07-03T21:55:53.094007,55.95,55.95,4.0,0.02,875.0,873.21,34.0,34.0,NVIDIA A10
"[245, 250, 245]",0,cuda,961996.38,2025-07-03T21:56:03.108159,2025-07-03T21:56:03.169737,56.2,56.2,0.0,0.0,883.0,881.22,34.0,34.0,NVIDIA A10
"[249, 254, 249]",0,cuda,753611.58,2025-07-03T21:56:13.182094,2025-07-03T21:56:13.230333,55.86,55.86,0.0,0.0,893.0,890.03,34.0,34.0,NVIDIA A10
"[253, 258, 253]",0,cuda,1092944.66,2025-07-03T21:56:23.245528,2025-07-03T21:56:23.315486,56.1,56.1,1.0,0.42,901.0,899.0,34.15,35.0,NVIDIA A10
"[257, 262, 257]",0,cuda,925176.81,2025-07-03T21:56:33.328943,2025-07-03T21:56:33.388164,58.5,57.14,0.0,0.0,911.0,907.66,34.0,34.0,NVIDIA A10
"[261, 266, 261]",0,cuda,1011327.47,2025-07-03T21:56:43.408649,2025-07-03T21:56:43.473383,58.94,56.11,0.0,0.0,919.0,917.51,34.0,34.0,NVIDIA A10
"[265, 270, 265]",0,cuda,1057498.33,2025-07-03T21:56:53.492117,2025-07-03T21:56:53.559805,56.21,56.21,0.0,0.0,929.0,926.93,34.0,34.0,NVIDIA A10
"[269, 274, 269]",0,cuda,984428.52,2025-07-03T21:57:03.572040,2025-07-03T21:57:03.635054,57.1,57.05,0.0,0.0,937.0,933.05,34.0,34.0,NVIDIA A10
"[273, 278, 273]",0,cuda,1293693.73,2025-07-03T21:57:13.646932,2025-07-03T21:57:13.729737,56.47,56.31,0.0,0.0,947.0,946.38,34.0,34.0,NVIDIA A10
"[277, 282, 277]",0,cuda,1558896.02,2025-07-03T21:57:23.745956,2025-07-03T21:57:23.845735,56.59,56.4,0.0,0.0,959.0,956.93,34.0,34.0,NVIDIA A10
"[281, 286, 281]",0,cuda,1555924.55,2025-07-03T21:57:33.857869,2025-07-03T21:57:33.957457,56.0,55.94,0.0,0.0,971.0,969.38,34.0,34.0,NVIDIA A10
"[285, 290, 285]",0,cuda,1398105.47,2025-07-03T21:57:43.970545,2025-07-03T21:57:44.060034,55.98,55.97,0.0,0.0,979.0,972.26,34.0,34.0,NVIDIA A10
"[289, 294, 289]",0,cuda,1399468.06,2025-07-03T21:57:54.072951,2025-07-03T21:57:54.162525,57.19,56.45,83.0,33.57,989.0,988.12,34.0,34.0,NVIDIA A10
"[293, 298, 293]",0,cuda,1540583.78,2025-07-03T21:58:04.175199,2025-07-03T21:58:04.273806,56.86,56.61,0.0,0.0,1001.0,999.42,34.58,36.0,NVIDIA A10
"[297, 302, 297]",0,cuda,1544376.72,2025-07-03T21:58:14.289085,2025-07-03T21:58:14.387934,58.67,57.17,69.0,15.21,1013.0,1011.06,34.35,36.0,NVIDIA A10
"[301, 306, 301]",0,cuda,1543546.59,2025-07-03T21:58:24.399610,2025-07-03T21:58:24.498406,56.87,56.71,0.0,0.0,1025.0,1023.37,35.02,36.0,NVIDIA A10
"[305, 310, 305]",0,cuda,1520412.38,2025-07-03T21:58:34.511132,2025-07-03T21:58:34.608447,56.61,56.58,13.0,9.87,1041.0,1039.9,34.0,34.0,NVIDIA A10
"[309, 314, 309]",0,cuda,1556919.56,2025-07-03T21:58:44.623214,2025-07-03T21:58:44.722865,56.62,56.59,0.0,0.0,1055.0,1051.27,34.0,34.0,NVIDIA A10
"[313, 318, 313]",0,cuda,1619798.97,2025-07-03T21:58:54.740827,2025-07-03T21:58:54.844502,61.67,57.07,0.0,0.0,1067.0,1065.68,34.0,34.0,NVIDIA A10
"[317, 322, 317]",0,cuda,1619785.14,2025-07-03T21:59:04.857170,2025-07-03T21:59:04.960843,59.43,57.52,81.0,1.07,1079.0,1077.08,34.0,34.0,NVIDIA A10
"[321, 326, 321]",0,cuda,1728211.31,2025-07-03T21:59:14.975887,2025-07-03T21:59:15.086501,58.61,56.14,0.0,0.0,1095.0,1093.13,34.02,36.0,NVIDIA A10
"[325, 330, 325]",0,cuda,1781440.02,2025-07-03T21:59:25.101585,2025-07-03T21:59:25.215607,57.94,57.23,0.0,0.0,1109.0,1104.54,34.0,34.0,NVIDIA A10
"[329, 334, 329]",0,cuda,1811128.06,2025-07-03T21:59:35.227542,2025-07-03T21:59:35.343463,57.02,56.8,0.0,0.0,1121.0,1118.64,34.0,34.0,NVIDIA A10
"[333, 338, 333]",0,cuda,1873909.23,2025-07-03T21:59:45.356596,2025-07-03T21:59:45.476535,61.63,57.33,0.0,0.0,1137.0,1135.28,34.0,34.0,NVIDIA A10
"[337, 342, 337]",0,cuda,1987856.42,2025-07-03T21:59:55.488488,2025-07-03T21:59:55.615721,57.17,56.36,88.0,11.58,1155.0,1152.68,34.0,34.0,NVIDIA A10
"[341, 346, 341]",0,cuda,1937154.61,2025-07-03T22:00:05.628157,2025-07-03T22:00:05.752143,57.87,57.66,0.0,0.0,1169.0,1163.4,34.53,36.0,NVIDIA A10
"[345, 350, 345]",0,cuda,2272584.66,2025-07-03T22:00:15.764658,2025-07-03T22:00:15.910112,64.63,57.11,4.0,2.68,1185.0,1184.4,34.6,35.0,NVIDIA A10
"[349, 354, 349]",0,cuda,2331886.53,2025-07-03T22:00:25.923358,2025-07-03T22:00:26.072607,66.68,61.93,66.0,31.28,1203.0,1201.32,34.82,36.0,NVIDIA A10
"[353, 358, 353]",0,cuda,2379342.11,2025-07-03T22:00:36.090033,2025-07-03T22:00:36.242319,159.76,58.08,79.0,12.23,1221.0,1217.86,34.56,37.0,NVIDIA A10
"[357, 362, 357]",0,cuda,2225396.69,2025-07-03T22:00:46.256757,2025-07-03T22:00:46.399190,64.14,58.97,0.0,0.0,1235.0,1230.12,34.53,35.0,NVIDIA A10
"[361, 366, 361]",0,cuda,2301270.73,2025-07-03T22:00:56.413982,2025-07-03T22:00:56.561271,61.02,57.67,0.0,0.0,1251.0,1243.58,34.66,36.0,NVIDIA A10
"[365, 370, 365]",0,cuda,2419325.22,2025-07-03T22:01:06.580099,2025-07-03T22:01:06.734943,62.75,58.69,0.0,0.0,1273.0,1262.52,34.72,35.0,NVIDIA A10
"[369, 374, 369]",0,cuda,2474113.06,2025-07-03T22:01:16.755623,2025-07-03T22:01:16.913974,64.12,57.64,13.0,3.36,1293.0,1284.81,34.22,35.0,NVIDIA A10
"[373, 378, 373]",0,cuda,2761734.72,2025-07-03T22:01:26.926918,2025-07-03T22:01:27.103678,61.57,59.86,66.0,30.04,1311.0,1305.61,35.22,36.0,NVIDIA A10
"[377, 382, 377]",0,cuda,2723723.72,2025-07-03T22:01:37.123384,2025-07-03T22:01:37.297710,59.71,56.8,78.0,9.97,1329.0,1327.79,35.06,36.0,NVIDIA A10
"[381, 386, 381]",0,cuda,2828512.62,2025-07-03T22:01:47.311271,2025-07-03T22:01:47.492307,62.62,59.32,36.0,8.71,1347.0,1338.37,35.14,36.0,NVIDIA A10
"[385, 390, 385]",0,cuda,3268730.8,2025-07-03T22:01:57.505897,2025-07-03T22:01:57.715104,59.93,57.56,100.0,12.79,1369.0,1367.51,35.13,37.0,NVIDIA A10
"[389, 394, 389]",0,cuda,3497436.75,2025-07-03T22:02:07.735218,2025-07-03T22:02:07.959064,68.48,59.72,100.0,26.29,1389.0,1386.91,36.17,37.0,NVIDIA A10
"[393, 398, 393]",0,cuda,3561069.97,2025-07-03T22:02:17.971152,2025-07-03T22:02:18.199068,68.13,61.07,71.0,33.76,1411.0,1407.0,35.84,37.0,NVIDIA A10
"[397, 402, 397]",0,cuda,3571536.34,2025-07-03T22:02:28.212005,2025-07-03T22:02:28.440594,65.2,62.9,35.0,28.24,1431.0,1427.26,36.03,37.0,NVIDIA A10
"[401, 406, 401]",0,cuda,3517206.94,2025-07-03T22:02:38.454509,2025-07-03T22:02:38.679618,74.94,64.91,100.0,4.78,1453.0,1451.38,35.91,37.0,NVIDIA A10
"[405, 410, 405]",0,cuda,3570767.75,2025-07-03T22:02:48.694771,2025-07-03T22:02:48.923310,66.11,60.2,100.0,23.72,1477.0,1475.0,35.6,37.0,NVIDIA A10
"[409, 414, 409]",0,cuda,3816415.81,2025-07-03T22:02:58.937965,2025-07-03T22:02:59.182225,67.54,58.86,87.0,27.17,1501.0,1498.32,35.57,37.0,NVIDIA A10
"[413, 418, 413]",0,cuda,4047496.81,2025-07-03T22:03:09.195767,2025-07-03T22:03:09.454815,64.72,59.57,39.0,20.01,1521.0,1518.58,35.65,37.0,NVIDIA A10
"[417, 422, 417]",0,cuda,3976531.77,2025-07-03T22:03:19.469622,2025-07-03T22:03:19.724128,168.03,62.41,100.0,15.46,1543.0,1532.97,35.4,37.0,NVIDIA A10
"[421, 426, 421]",0,cuda,4153330.25,2025-07-03T22:03:29.740182,2025-07-03T22:03:30.006004,68.85,60.12,77.0,20.58,1571.0,1565.95,35.45,37.0,NVIDIA A10
"[425, 430, 425]",0,cuda,3978502.88,2025-07-03T22:03:40.024261,2025-07-03T22:03:40.278893,65.21,60.58,0.0,0.0,1597.0,1591.22,35.67,37.0,NVIDIA A10
"[429, 434, 429]",0,cuda,4208903.22,2025-07-03T22:03:50.292536,2025-07-03T22:03:50.561915,70.31,63.51,100.0,11.59,1621.0,1615.84,35.56,37.0,NVIDIA A10
"[433, 438, 433]",0,cuda,4106129.72,2025-07-03T22:04:00.580347,2025-07-03T22:04:00.843147,65.77,60.5,100.0,43.32,1645.0,1642.23,36.04,38.0,NVIDIA A10
"[437, 442, 437]",0,cuda,4790456.3,2025-07-03T22:04:10.857661,2025-07-03T22:04:11.164259,84.03,65.2,100.0,37.8,1669.0,1667.45,36.54,38.0,NVIDIA A10
"[441, 446, 441]",0,cuda,4302261.41,2025-07-03T22:04:21.184799,2025-07-03T22:04:21.460151,69.72,63.29,100.0,35.07,1697.0,1693.5,35.62,38.0,NVIDIA A10
"[445, 450, 445]",0,cuda,4927979.98,2025-07-03T22:04:31.474072,2025-07-03T22:04:31.789470,82.6,69.32,100.0,49.09,1723.0,1721.03,36.14,38.0,NVIDIA A10
"[449, 454, 449]",0,cuda,4806424.19,2025-07-03T22:04:41.802202,2025-07-03T22:04:42.109821,80.33,67.58,91.0,44.85,1751.0,1749.64,36.1,38.0,NVIDIA A10
"[453, 458, 453]",0,cuda,4755965.11,2025-07-03T22:04:52.122721,2025-07-03T22:04:52.427111,73.61,65.23,100.0,25.14,1781.0,1779.3,36.03,37.0,NVIDIA A10
"[457, 462, 457]",0,cuda,4922198.7,2025-07-03T22:05:02.443584,2025-07-03T22:05:02.758612,79.68,65.92,100.0,30.71,1811.0,1809.42,36.23,37.0,NVIDIA A10
"[461, 466, 461]",0,cuda,5090668.41,2025-07-03T22:05:12.772268,2025-07-03T22:05:13.098079,71.9,62.63,100.0,42.81,1837.0,1835.18,36.19,38.0,NVIDIA A10
"[465, 470, 465]",0,cuda,5124122.88,2025-07-03T22:05:23.112364,2025-07-03T22:05:23.440316,73.68,64.02,100.0,17.97,1865.0,1862.41,36.09,37.0,NVIDIA A10
"[469, 474, 469]",0,cuda,5969691.83,2025-07-03T22:05:33.453622,2025-07-03T22:05:33.835691,71.78,64.28,100.0,58.57,1895.0,1887.27,36.22,38.0,NVIDIA A10
"[473, 478, 473]",0,cuda,5812328.16,2025-07-03T22:05:43.848486,2025-07-03T22:05:44.220484,71.18,61.83,100.0,54.09,1925.0,1918.37,36.64,38.0,NVIDIA A10
"[477, 482, 477]",0,cuda,6157463.25,2025-07-03T22:05:54.234191,2025-07-03T22:05:54.628277,75.47,67.4,100.0,68.64,1959.0,1957.07,36.97,38.0,NVIDIA A10
"[481, 486, 481]",0,cuda,6058499.44,2025-07-03T22:06:04.642506,2025-07-03T22:06:05.030259,89.33,71.82,100.0,56.32,1991.0,1983.16,36.58,38.0,NVIDIA A10
"[485, 490, 485]",0,cuda,6091310.41,2025-07-03T22:06:15.048691,2025-07-03T22:06:15.438546,86.99,72.84,100.0,62.71,2021.0,2019.78,36.54,38.0,NVIDIA A10
"[489, 494, 489]",0,cuda,6745266.39,2025-07-03T22:06:25.452710,2025-07-03T22:06:25.884416,82.12,67.27,100.0,62.29,2055.0,2051.37,36.52,38.0,NVIDIA A10
"[493, 498, 493]",0,cuda,6432978.0,2025-07-03T22:06:35.898761,2025-07-03T22:06:36.310480,79.71,66.21,100.0,60.09,2087.0,2085.02,36.65,38.0,NVIDIA A10
"[497, 502, 497]",0,cuda,6951274.92,2025-07-03T22:06:46.325397,2025-07-03T22:06:46.770289,75.99,65.55,100.0,55.45,2121.0,2115.15,36.51,38.0,NVIDIA A10
"[501, 506, 501]",0,cuda,6882615.41,2025-07-03T22:06:56.784091,2025-07-03T22:06:57.224588,96.36,73.99,100.0,47.31,2157.0,2154.65,36.22,38.0,NVIDIA A10
"[505, 510, 505]",0,cuda,6833992.78,2025-07-03T22:07:07.237921,2025-07-03T22:07:07.675306,86.96,71.75,100.0,52.26,2193.0,2191.09,36.3,38.0,NVIDIA A10
"[509, 514, 509]",0,cuda,7645780.17,2025-07-03T22:07:17.698821,2025-07-03T22:07:18.188160,88.63,70.66,100.0,58.39,2225.0,2223.98,36.61,38.0,NVIDIA A10
"[513, 518, 513]",0,cuda,7041426.5,2025-07-03T22:07:28.203687,2025-07-03T22:07:28.654348,77.47,64.79,100.0,40.74,2263.0,2258.88,36.2,38.0,NVIDIA A10
"[517, 522, 517]",0,cuda,7240330.09,2025-07-03T22:07:38.671042,2025-07-03T22:07:39.134432,92.83,64.34,100.0,64.32,2301.0,2292.28,37.25,38.0,NVIDIA A10
"[521, 526, 521]",0,cuda,7765249.39,2025-07-03T22:07:49.157308,2025-07-03T22:07:49.654293,162.39,78.14,100.0,67.64,2337.0,2333.28,37.0,38.0,NVIDIA A10
"[525, 530, 525]",0,cuda,7708372.44,2025-07-03T22:07:59.669116,2025-07-03T22:08:00.162461,168.23,69.92,100.0,59.19,2373.0,2371.34,36.89,38.0,NVIDIA A10
"[529, 534, 529]",0,cuda,7690066.61,2025-07-03T22:08:10.178787,2025-07-03T22:08:10.670959,82.97,68.63,100.0,67.96,2413.0,2408.2,36.71,38.0,NVIDIA A10
"[533, 538, 533]",0,cuda,7996840.95,2025-07-03T22:08:20.684231,2025-07-03T22:08:21.196038,101.57,75.09,100.0,64.37,2451.0,2441.36,36.97,38.0,NVIDIA A10
"[537, 542, 537]",0,cuda,8750854.83,2025-07-03T22:08:31.210077,2025-07-03T22:08:31.770140,97.1,78.35,100.0,61.32,2491.0,2489.66,36.7,38.0,NVIDIA A10
"[541, 546, 541]",0,cuda,8798788.27,2025-07-03T22:08:41.788920,2025-07-03T22:08:42.352052,82.97,70.47,100.0,71.06,2529.0,2526.74,37.04,38.0,NVIDIA A10
"[545, 550, 545]",0,cuda,9446612.69,2025-07-03T22:08:52.367461,2025-07-03T22:08:52.972053,111.51,78.81,100.0,75.97,2569.0,2563.64,37.38,39.0,NVIDIA A10
"[549, 554, 549]",0,cuda,9370755.2,2025-07-03T22:09:02.985551,2025-07-03T22:09:03.585287,92.31,73.6,100.0,57.18,2611.0,2608.66,37.12,39.0,NVIDIA A10
"[553, 558, 553]",0,cuda,9232030.5,2025-07-03T22:09:13.601201,2025-07-03T22:09:14.192059,86.04,71.04,100.0,66.13,2653.0,2652.17,37.0,39.0,NVIDIA A10
"[557, 562, 557]",0,cuda,9469600.72,2025-07-03T22:09:24.211165,2025-07-03T22:09:24.817230,153.58,76.49,100.0,81.83,2695.0,2687.15,36.99,39.0,NVIDIA A10
"[561, 566, 561]",0,cuda,9546698.17,2025-07-03T22:09:34.837817,2025-07-03T22:09:35.448813,93.38,78.1,100.0,74.57,2737.0,2729.45,37.58,39.0,NVIDIA A10
"[565, 570, 565]",0,cuda,9760061.5,2025-07-03T22:09:45.464361,2025-07-03T22:09:46.089013,112.21,76.91,100.0,80.45,2783.0,2780.45,37.55,39.0,NVIDIA A10
"[569, 574, 569]",0,cuda,9917376.06,2025-07-03T22:09:56.104785,2025-07-03T22:09:56.739505,107.28,89.93,100.0,64.07,2827.0,2820.61,37.29,39.0,NVIDIA A10
"[573, 578, 573]",0,cuda,10081331.36,2025-07-03T22:10:06.755193,2025-07-03T22:10:07.400407,88.22,74.86,100.0,74.92,2869.0,2866.38,37.52,39.0,NVIDIA A10
"[577, 582, 577]",0,cuda,10305690.47,2025-07-03T22:10:17.417977,2025-07-03T22:10:18.077552,112.6,86.95,100.0,73.05,2915.0,2913.33,37.13,39.0,NVIDIA A10
"[581, 586, 581]",0,cuda,10448622.17,2025-07-03T22:10:28.092132,2025-07-03T22:10:28.760852,91.46,73.03,100.0,89.13,2963.0,2961.35,37.31,39.0,NVIDIA A10
"[585, 590, 585]",0,cuda,11078983.69,2025-07-03T22:10:38.785418,2025-07-03T22:10:39.494480,116.63,85.84,100.0,72.79,3011.0,3009.05,37.23,39.0,NVIDIA A10
"[589, 594, 589]",0,cuda,10949792.27,2025-07-03T22:10:49.508648,2025-07-03T22:10:50.209442,93.07,73.64,100.0,57.76,3059.0,3057.5,37.11,39.0,NVIDIA A10
"[593, 598, 593]",0,cuda,11027105.12,2025-07-03T22:11:00.224684,2025-07-03T22:11:00.930427,112.97,84.99,100.0,70.7,3107.0,3105.55,37.29,39.0,NVIDIA A10
"[597, 602, 597]",0,cuda,11425737.2,2025-07-03T22:11:10.945098,2025-07-03T22:11:11.676354,106.22,85.73,100.0,84.28,3155.0,3153.56,37.98,39.0,NVIDIA A10
"[601, 606, 601]",0,cuda,11586887.11,2025-07-03T22:11:21.692763,2025-07-03T22:11:22.434332,123.88,90.8,100.0,80.63,3203.0,3199.49,37.66,39.0,NVIDIA A10
"[605, 610, 605]",0,cuda,12526961.14,2025-07-03T22:11:32.449321,2025-07-03T22:11:33.251055,154.95,92.37,100.0,76.47,3251.0,3249.01,38.04,39.0,NVIDIA A10
"[609, 614, 609]",0,cuda,12654663.17,2025-07-03T22:11:43.266992,2025-07-03T22:11:44.076900,122.15,94.96,100.0,81.0,3303.0,3297.51,37.77,39.0,NVIDIA A10
"[613, 618, 613]",0,cuda,12850303.86,2025-07-03T22:11:54.092943,2025-07-03T22:11:54.915372,97.63,79.67,100.0,80.39,3353.0,3343.11,37.88,39.0,NVIDIA A10
"[617, 622, 617]",0,cuda,12893240.95,2025-07-03T22:12:04.930736,2025-07-03T22:12:05.755911,115.45,93.3,100.0,82.98,3405.0,3396.3,38.1,39.0,NVIDIA A10
"[621, 626, 621]",0,cuda,13139965.92,2025-07-03T22:12:15.780092,2025-07-03T22:12:16.621058,131.81,78.92,100.0,71.93,3459.0,3452.56,37.74,39.0,NVIDIA A10
"[625, 630, 625]",0,cuda,13679325.75,2025-07-03T22:12:26.635788,2025-07-03T22:12:27.511273,153.51,91.25,100.0,73.89,3513.0,3511.07,37.81,39.0,NVIDIA A10
"[629, 634, 629]",0,cuda,13968027.16,2025-07-03T22:12:37.530383,2025-07-03T22:12:38.424346,119.23,87.68,100.0,90.37,3567.0,3565.17,37.84,39.0,NVIDIA A10
"[633, 638, 633]",0,cuda,13678309.44,2025-07-03T22:12:48.439319,2025-07-03T22:12:49.314739,98.4,78.95,100.0,77.87,3621.0,3619.17,38.28,39.0,NVIDIA A10
"[637, 642, 637]",0,cuda,14062444.98,2025-07-03T22:12:59.330662,2025-07-03T22:13:00.230667,114.52,97.94,100.0,88.63,3675.0,3667.07,38.26,39.0,NVIDIA A10
"[641, 646, 641]",0,cuda,14329398.44,2025-07-03T22:13:10.249354,2025-07-03T22:13:11.166444,154.19,89.89,100.0,73.61,3733.0,3731.17,38.33,39.0,NVIDIA A10
"[645, 650, 645]",0,cuda,14607663.31,2025-07-03T22:13:21.183021,2025-07-03T22:13:22.117921,133.83,79.69,100.0,86.7,3789.0,3787.04,38.0,39.0,NVIDIA A10
"[649, 654, 649]",0,cuda,14942311.44,2025-07-03T22:13:32.133451,2025-07-03T22:13:33.089767,152.12,92.23,100.0,77.09,3847.0,3844.99,38.03,40.0,NVIDIA A10
"[653, 658, 653]",0,cuda,14979980.66,2025-07-03T22:13:43.106994,2025-07-03T22:13:44.065722,122.59,88.43,100.0,76.8,3907.0,3896.14,38.01,40.0,NVIDIA A10
"[657, 662, 657]",0,cuda,15526198.61,2025-07-03T22:13:54.082665,2025-07-03T22:13:55.076351,136.69,85.18,100.0,72.99,3967.0,3965.0,38.02,40.0,NVIDIA A10
"[661, 666, 661]",0,cuda,15904856.12,2025-07-03T22:14:05.091493,2025-07-03T22:14:06.109412,102.86,82.56,100.0,78.85,4027.0,4025.03,38.08,40.0,NVIDIA A10
"[665, 670, 665]",0,cuda,17719437.5,2025-07-03T22:14:16.126930,2025-07-03T22:14:17.260983,150.1,98.02,100.0,81.66,4087.0,4085.48,38.61,40.0,NVIDIA A10
"[669, 674, 669]",0,cuda,16930558.17,2025-07-03T22:14:27.278614,2025-07-03T22:14:28.362178,150.61,103.39,100.0,82.94,4147.0,4144.78,38.53,40.0,NVIDIA A10
"[673, 678, 673]",0,cuda,16832962.2,2025-07-03T22:14:38.390776,2025-07-03T22:14:39.468093,154.09,102.9,100.0,87.29,4207.0,4197.18,38.64,40.0,NVIDIA A10
"[677, 682, 677]",0,cuda,18097701.12,2025-07-03T22:14:49.494595,2025-07-03T22:14:50.652856,150.39,106.33,100.0,88.34,4271.0,4269.68,38.65,40.0,NVIDIA A10
"[681, 686, 681]",0,cuda,17728410.52,2025-07-03T22:15:00.670530,2025-07-03T22:15:01.805158,150.21,98.16,100.0,89.42,4333.0,4322.85,38.79,40.0,NVIDIA A10
"[685, 690, 685]",0,cuda,17661993.66,2025-07-03T22:15:11.820654,2025-07-03T22:15:12.951030,150.34,87.25,100.0,83.22,4397.0,4394.41,38.53,40.0,NVIDIA A10
"[689, 694, 689]",0,cuda,18134381.27,2025-07-03T22:15:22.970020,2025-07-03T22:15:24.130630,149.13,86.63,100.0,80.28,4463.0,4456.76,38.56,40.0,NVIDIA A10
"[693, 698, 693]",0,cuda,18681726.91,2025-07-03T22:15:34.151468,2025-07-03T22:15:35.347107,153.8,110.18,100.0,80.29,4529.0,4519.59,38.72,40.0,NVIDIA A10
"[697, 702, 697]",0,cuda,18450068.38,2025-07-03T22:15:45.363459,2025-07-03T22:15:46.544272,147.6,86.59,100.0,82.07,4595.0,4592.68,38.89,40.0,NVIDIA A10
"[701, 706, 701]",0,cuda,18873166.55,2025-07-03T22:15:56.569158,2025-07-03T22:15:57.777050,150.3,111.18,100.0,88.18,4661.0,4659.17,39.0,40.0,NVIDIA A10
"[705, 710, 705]",0,cuda,19892406.39,2025-07-03T22:16:07.796881,2025-07-03T22:16:09.070003,151.22,107.38,100.0,82.05,4731.0,4729.34,39.1,40.0,NVIDIA A10
"[709, 714, 709]",0,cuda,19402219.14,2025-07-03T22:16:19.086974,2025-07-03T22:16:20.328724,150.58,108.29,100.0,87.49,4799.0,4797.5,38.91,40.0,NVIDIA A10
"[713, 718, 713]",0,cuda,20075597.53,2025-07-03T22:16:30.344938,2025-07-03T22:16:31.629785,151.01,105.15,100.0,88.99,4869.0,4859.95,39.09,40.0,NVIDIA A10
"[717, 722, 717]",0,cuda,20990618.58,2025-07-03T22:16:41.653142,2025-07-03T22:16:42.996550,150.23,113.99,100.0,86.17,4937.0,4935.1,39.16,40.0,NVIDIA A10
"[721, 726, 721]",0,cuda,22577052.47,2025-07-03T22:16:53.013062,2025-07-03T22:16:54.458002,155.46,102.69,100.0,83.16,5007.0,5005.77,39.32,40.0,NVIDIA A10
"[725, 730, 725]",0,cuda,21533778.95,2025-07-03T22:17:04.476445,2025-07-03T22:17:05.854616,150.83,97.89,100.0,82.61,5079.0,5077.33,39.0,40.0,NVIDIA A10
"[729, 734, 729]",0,cuda,21404947.78,2025-07-03T22:17:15.873688,2025-07-03T22:17:17.243612,149.96,107.52,100.0,83.44,5155.0,5154.17,39.24,40.0,NVIDIA A10
"[733, 738, 733]",0,cuda,22008569.77,2025-07-03T22:17:27.261649,2025-07-03T22:17:28.670206,150.58,117.29,100.0,93.52,5229.0,5226.84,39.48,41.0,NVIDIA A10
"[737, 742, 737]",0,cuda,22061791.48,2025-07-03T22:17:38.687408,2025-07-03T22:17:40.099371,151.05,114.42,100.0,88.08,5301.0,5295.97,39.27,40.0,NVIDIA A10
"[741, 746, 741]",0,cuda,22437340.98,2025-07-03T22:17:50.120793,2025-07-03T22:17:51.556791,150.26,115.92,100.0,87.46,5377.0,5372.54,39.39,41.0,NVIDIA A10
"[745, 750, 745]",0,cuda,22614778.11,2025-07-03T22:18:01.583057,2025-07-03T22:18:03.030412,151.58,101.03,100.0,82.45,5451.0,5441.41,39.29,41.0,NVIDIA A10
"[749, 754, 749]",0,cuda,23062106.45,2025-07-03T22:18:13.047949,2025-07-03T22:18:14.523934,152.82,105.41,100.0,88.72,5527.0,5522.1,39.33,41.0,NVIDIA A10
"[753, 758, 753]",0,cuda,23577088.25,2025-07-03T22:18:24.548321,2025-07-03T22:18:26.057263,150.76,115.33,100.0,85.9,5605.0,5603.27,39.16,41.0,NVIDIA A10
"[757, 762, 757]",0,cuda,24077401.95,2025-07-03T22:18:36.078035,2025-07-03T22:18:37.618998,150.91,117.39,100.0,91.0,5683.0,5672.45,39.63,41.0,NVIDIA A10
"[761, 766, 761]",0,cuda,25650887.03,2025-07-03T22:18:47.643709,2025-07-03T22:18:49.285375,150.63,124.27,100.0,92.35,5765.0,5763.35,39.77,41.0,NVIDIA A10
"[765, 770, 765]",0,cuda,24781923.08,2025-07-03T22:18:59.304076,2025-07-03T22:19:00.890127,152.73,106.84,100.0,84.49,5845.0,5842.65,39.63,41.0,NVIDIA A10
"[769, 774, 769]",0,cuda,26064391.67,2025-07-03T22:19:10.909286,2025-07-03T22:19:12.577416,154.46,122.56,100.0,90.7,5927.0,5925.64,39.7,41.0,NVIDIA A10
"[773, 778, 773]",0,cuda,26677235.33,2025-07-03T22:19:22.600287,2025-07-03T22:19:24.307638,154.39,109.5,100.0,88.46,6007.0,6005.69,39.71,41.0,NVIDIA A10
"[777, 782, 777]",0,cuda,26286202.3,2025-07-03T22:19:34.328850,2025-07-03T22:19:36.011175,150.49,120.32,100.0,84.66,6089.0,6078.81,39.7,41.0,NVIDIA A10
"[781, 786, 781]",0,cuda,26534740.09,2025-07-03T22:19:46.029511,2025-07-03T22:19:47.727743,154.09,102.96,100.0,85.91,6173.0,6168.24,39.64,41.0,NVIDIA A10
"[785, 790, 785]",0,cuda,27566012.97,2025-07-03T22:19:57.746389,2025-07-03T22:19:59.510623,150.19,121.11,100.0,93.13,6257.0,6254.99,39.84,41.0,NVIDIA A10
"[789, 794, 789]",0,cuda,28160857.31,2025-07-03T22:20:09.533751,2025-07-03T22:20:11.336057,152.99,112.84,100.0,92.36,6341.0,6339.11,39.94,41.0,NVIDIA A10
"[793, 798, 793]",0,cuda,27798908.56,2025-07-03T22:20:21.354300,2025-07-03T22:20:23.133438,150.86,119.35,100.0,91.18,6429.0,6424.79,39.79,41.0,NVIDIA A10
"[797, 802, 797]",0,cuda,28099620.92,2025-07-03T22:20:33.153952,2025-07-03T22:20:34.952336,151.82,123.25,100.0,88.47,6515.0,6513.59,39.97,41.0,NVIDIA A10
"[801, 806, 801]",0,cuda,28586892.14,2025-07-03T22:20:44.973312,2025-07-03T22:20:46.802882,149.93,124.4,100.0,90.32,6603.0,6601.3,39.94,41.0,NVIDIA A10
"[805, 810, 805]",0,cuda,28975645.09,2025-07-03T22:20:56.822914,2025-07-03T22:20:58.677365,151.78,109.32,100.0,84.66,6693.0,6687.14,39.68,41.0,NVIDIA A10
"[809, 814, 809]",0,cuda,29235776.41,2025-07-03T22:21:08.699515,2025-07-03T22:21:10.570614,151.16,115.56,100.0,87.46,6783.0,6773.76,39.72,41.0,NVIDIA A10
"[813, 818, 813]",0,cuda,30542636.83,2025-07-03T22:21:20.591632,2025-07-03T22:21:22.546369,150.54,120.72,100.0,92.9,6873.0,6870.78,40.16,41.0,NVIDIA A10
"[817, 822, 817]",0,cuda,31004042.92,2025-07-03T22:21:32.566675,2025-07-03T22:21:34.550942,154.29,134.5,100.0,91.3,6963.0,6952.78,40.13,41.0,NVIDIA A10
"[821, 826, 821]",0,cuda,31285175.34,2025-07-03T22:21:44.571721,2025-07-03T22:21:46.573981,150.19,123.17,100.0,90.69,7053.0,7051.35,40.2,41.0,NVIDIA A10
"[825, 830, 825]",0,cuda,32118245.42,2025-07-03T22:21:56.596120,2025-07-03T22:21:58.651697,151.92,128.17,100.0,93.2,7147.0,7145.58,40.27,41.0,NVIDIA A10
"[829, 834, 829]",0,cuda,33401912.84,2025-07-03T22:22:08.674654,2025-07-03T22:22:10.812386,151.12,118.02,100.0,96.0,7243.0,7241.17,40.18,41.0,NVIDIA A10
"[833, 838, 833]",0,cuda,32616717.56,2025-07-03T22:22:20.834518,2025-07-03T22:22:22.921997,149.9,123.67,100.0,86.43,7339.0,7337.58,40.17,41.0,NVIDIA A10
"[837, 842, 837]",0,cuda,33096197.23,2025-07-03T22:22:32.950601,2025-07-03T22:22:35.068767,154.78,117.83,100.0,89.85,7435.0,7432.74,40.3,41.0,NVIDIA A10
"[841, 846, 841]",0,cuda,33234061.19,2025-07-03T22:22:45.090753,2025-07-03T22:22:47.217746,153.51,135.42,100.0,92.64,7531.0,7527.58,40.26,41.0,NVIDIA A10
"[845, 850, 845]",0,cuda,33611815.33,2025-07-03T22:22:57.251222,2025-07-03T22:22:59.402386,150.49,138.39,100.0,92.48,7627.0,7626.15,40.25,41.0,NVIDIA A10
"[849, 854, 849]",0,cuda,34541396.73,2025-07-03T22:23:09.425910,2025-07-03T22:23:11.636570,153.48,131.79,100.0,90.78,7727.0,7722.28,40.31,41.0,NVIDIA A10
"[853, 858, 853]",0,cuda,34616132.2,2025-07-03T22:23:21.658904,2025-07-03T22:23:23.874346,153.09,122.83,100.0,90.54,7825.0,7819.65,40.19,41.0,NVIDIA A10
"[857, 862, 857]",0,cuda,35928351.0,2025-07-03T22:23:33.898960,2025-07-03T22:23:36.198383,154.26,128.3,100.0,95.02,7925.0,7923.89,40.42,42.0,NVIDIA A10
"[861, 866, 861]",0,cuda,36960904.62,2025-07-03T22:23:46.220863,2025-07-03T22:23:48.586370,150.4,126.65,100.0,90.89,8027.0,8021.17,40.66,42.0,NVIDIA A10
"[865, 870, 865]",0,cuda,37270900.66,2025-07-03T22:23:58.608291,2025-07-03T22:24:00.993637,150.29,135.91,100.0,96.07,8129.0,8126.32,40.75,42.0,NVIDIA A10
"[869, 874, 869]",0,cuda,36871810.89,2025-07-03T22:24:11.020897,2025-07-03T22:24:13.380702,154.46,136.6,100.0,92.64,8231.0,8222.22,40.65,42.0,NVIDIA A10
"[873, 878, 873]",0,cuda,38318971.67,2025-07-03T22:24:23.404674,2025-07-03T22:24:25.857097,153.71,138.39,100.0,94.29,8337.0,8327.7,40.79,42.0,NVIDIA A10
"[877, 882, 877]",0,cuda,37789046.11,2025-07-03T22:24:35.879053,2025-07-03T22:24:38.297560,150.81,121.41,100.0,90.62,8441.0,8439.12,40.85,42.0,NVIDIA A10
"[881, 886, 881]",0,cuda,38286062.47,2025-07-03T22:24:48.322117,2025-07-03T22:24:50.772433,153.51,123.03,100.0,100.0,8547.0,8545.06,40.86,42.0,NVIDIA A10
"[885, 890, 885]",0,cuda,40550979.62,2025-07-03T22:25:00.801062,2025-07-03T22:25:03.396334,153.9,130.46,100.0,94.05,8655.0,8650.54,41.06,42.0,NVIDIA A10
"[889, 894, 889]",0,cuda,38969093.42,2025-07-03T22:25:13.427566,2025-07-03T22:25:15.921598,153.61,137.78,100.0,92.92,8763.0,8761.31,40.97,42.0,NVIDIA A10
"[893, 898, 893]",0,cuda,40052425.22,2025-07-03T22:25:25.946859,2025-07-03T22:25:28.510223,151.95,121.79,100.0,90.82,8871.0,8869.11,40.96,42.0,NVIDIA A10
"[897, 902, 897]",0,cuda,40586579.83,2025-07-03T22:25:38.536289,2025-07-03T22:25:41.133839,151.05,126.84,100.0,90.7,8983.0,8975.94,41.0,42.0,NVIDIA A10
"[901, 906, 901]",0,cuda,41967226.52,2025-07-03T22:25:51.159722,2025-07-03T22:25:53.845633,150.8,131.0,100.0,90.41,9093.0,9086.94,40.96,42.0,NVIDIA A10
"[905, 910, 905]",0,cuda,42440757.59,2025-07-03T22:26:03.876456,2025-07-03T22:26:06.592673,154.16,142.23,100.0,96.01,9205.0,9203.36,41.32,42.0,NVIDIA A10
"[909, 914, 909]",0,cuda,42630541.33,2025-07-03T22:26:16.617606,2025-07-03T22:26:19.345970,151.08,128.5,100.0,93.17,9319.0,9317.01,41.2,42.0,NVIDIA A10
"[913, 918, 913]",0,cuda,42942594.91,2025-07-03T22:26:29.373239,2025-07-03T22:26:32.121574,149.87,138.46,100.0,95.15,9433.0,9430.78,41.28,42.0,NVIDIA A10
"[917, 922, 917]",0,cuda,43351589.23,2025-07-03T22:26:42.146332,2025-07-03T22:26:44.920843,150.81,130.02,100.0,94.7,9547.0,9541.12,41.13,42.0,NVIDIA A10
"[921, 926, 921]",0,cuda,44413833.58,2025-07-03T22:26:54.947446,2025-07-03T22:26:57.789939,152.24,129.46,100.0,94.43,9665.0,9663.35,41.3,43.0,NVIDIA A10
"[925, 930, 925]",0,cuda,45299067.23,2025-07-03T22:27:07.816673,2025-07-03T22:27:10.715823,150.56,136.92,100.0,96.67,9781.0,9779.36,41.58,43.0,NVIDIA A10
"[929, 934, 929]",0,cuda,45178791.42,2025-07-03T22:27:20.741346,2025-07-03T22:27:23.632798,154.09,124.44,100.0,92.41,9899.0,9895.38,41.37,43.0,NVIDIA A10
"[933, 938, 933]",0,cuda,46316582.7,2025-07-03T22:27:33.658205,2025-07-03T22:27:36.622475,151.26,137.2,100.0,93.96,10019.0,10013.37,41.55,43.0,NVIDIA A10
"[937, 942, 937]",0,cuda,46357068.5,2025-07-03T22:27:46.659860,2025-07-03T22:27:49.626722,150.2,129.01,100.0,93.03,10139.0,10134.75,41.48,43.0,NVIDIA A10
"[941, 946, 941]",0,cuda,48209186.23,2025-07-03T22:27:59.652460,2025-07-03T22:28:02.737856,152.02,141.24,100.0,94.39,10259.0,10257.68,41.66,43.0,NVIDIA A10
"[945, 950, 945]",0,cuda,48198152.08,2025-07-03T22:28:12.763515,2025-07-03T22:28:15.848205,150.35,142.6,100.0,100.0,10383.0,10381.11,41.79,43.0,NVIDIA A10
"[949, 954, 949]",0,cuda,48993454.08,2025-07-03T22:28:25.874199,2025-07-03T22:28:29.009789,152.8,131.21,100.0,93.77,10505.0,10500.12,41.72,43.0,NVIDIA A10
"[953, 958, 953]",0,cuda,49323658.25,2025-07-03T22:28:39.037071,2025-07-03T22:28:42.193795,152.99,137.55,100.0,96.0,10629.0,10619.03,41.85,43.0,NVIDIA A10
"[957, 962, 957]",0,cuda,49356329.58,2025-07-03T22:28:52.221807,2025-07-03T22:28:55.380621,151.03,134.36,100.0,94.21,10755.0,10745.35,41.83,43.0,NVIDIA A10
"[961, 966, 961]",0,cuda,51033345.7,2025-07-03T22:29:05.408114,2025-07-03T22:29:08.674258,150.56,132.15,100.0,92.72,10881.0,10878.53,41.87,43.0,NVIDIA A10
"[965, 970, 965]",0,cuda,50839658.67,2025-07-03T22:29:18.703906,2025-07-03T22:29:21.957654,150.43,128.8,100.0,94.72,11007.0,11005.11,41.93,43.0,NVIDIA A10
"[969, 974, 969]",0,cuda,51201120.88,2025-07-03T22:29:31.985074,2025-07-03T22:29:35.261954,154.0,132.33,100.0,96.93,11137.0,11135.04,42.12,43.0,NVIDIA A10
"[973, 978, 973]",0,cuda,52164235.17,2025-07-03T22:29:45.289559,2025-07-03T22:29:48.628080,150.4,135.19,100.0,93.98,11269.0,11267.39,41.96,43.0,NVIDIA A10
"[977, 982, 977]",0,cuda,53997926.17,2025-07-03T22:29:58.656878,2025-07-03T22:30:02.112756,154.65,131.27,100.0,92.77,11397.0,11395.58,42.08,43.0,NVIDIA A10
"[981, 986, 981]",0,cuda,54651573.81,2025-07-03T22:30:12.144448,2025-07-03T22:30:15.642157,154.19,131.42,100.0,93.71,11527.0,11524.85,42.08,43.0,NVIDIA A10
"[985, 990, 985]",0,cuda,54151378.72,2025-07-03T22:30:25.669299,2025-07-03T22:30:29.134995,155.14,140.27,100.0,95.93,11663.0,11661.35,42.21,43.0,NVIDIA A10
"[989, 994, 989]",0,cuda,58145738.45,2025-07-03T22:30:39.162671,2025-07-03T22:30:42.884007,150.78,142.13,100.0,94.31,11797.0,11793.19,42.38,44.0,NVIDIA A10
"[993, 998, 993]",0,cuda,55432656.66,2025-07-03T22:30:52.916955,2025-07-03T22:30:56.464654,161.93,132.54,100.0,92.39,11929.0,11927.31,42.2,43.0,NVIDIA A10
"[997, 1002, 997]",0,cuda,56745191.05,2025-07-03T22:31:06.494272,2025-07-03T22:31:10.125973,153.02,137.19,100.0,95.11,12065.0,12062.2,42.24,43.0,NVIDIA A10
"[1001, 1006, 1001]",0,cuda,56956316.72,2025-07-03T22:31:20.156911,2025-07-03T22:31:23.802124,150.5,133.66,100.0,98.06,12203.0,12201.62,42.43,44.0,NVIDIA A10
"[1005, 1010, 1005]",0,cuda,56927405.47,2025-07-03T22:31:33.835673,2025-07-03T22:31:37.479035,150.85,134.15,100.0,94.92,12341.0,12336.5,42.34,44.0,NVIDIA A10
"[1009, 1014, 1009]",0,cuda,58680176.25,2025-07-03T22:31:47.515942,2025-07-03T22:31:51.271483,150.84,140.87,100.0,94.45,12483.0,12480.22,42.42,44.0,NVIDIA A10
"[1013, 1018, 1013]",0,cuda,58903916.06,2025-07-03T22:32:01.299926,2025-07-03T22:32:05.069785,155.17,133.85,100.0,95.46,12623.0,12617.98,42.4,44.0,NVIDIA A10
"[1017, 1022, 1017]",0,cuda,60582970.08,2025-07-03T22:32:15.098762,2025-07-03T22:32:18.976080,151.48,132.74,100.0,93.53,12765.0,12760.85,42.4,44.0,NVIDIA A10
"[1021, 1026, 1021]",0,cuda,64359141.2,2025-07-03T22:32:29.006749,2025-07-03T22:32:33.125747,156.04,136.66,100.0,97.22,12905.0,12900.24,42.71,44.0,NVIDIA A10
"[1025, 1030, 1025]",0,cuda,61402423.98,2025-07-03T22:32:43.156032,2025-07-03T22:32:47.085796,150.71,144.34,100.0,97.15,13051.0,13046.24,42.7,44.0,NVIDIA A10
"[1029, 1034, 1029]",0,cuda,61889944.61,2025-07-03T22:32:57.123001,2025-07-03T22:33:01.083967,151.75,138.76,100.0,94.24,13197.0,13191.19,42.6,44.0,NVIDIA A10
"[1033, 1038, 1033]",0,cuda,63100813.44,2025-07-03T22:33:11.114721,2025-07-03T22:33:15.153182,151.12,135.0,100.0,93.37,13341.0,13339.28,42.58,44.0,NVIDIA A10
"[1037, 1042, 1037]",0,cuda,63312302.36,2025-07-03T22:33:25.185675,2025-07-03T22:33:29.237671,153.38,132.81,100.0,95.39,13489.0,13487.32,42.69,44.0,NVIDIA A10
"[1041, 1046, 1041]",0,cuda,63960697.53,2025-07-03T22:33:39.268027,2025-07-03T22:33:43.361521,150.36,141.78,100.0,96.94,13639.0,13635.57,42.7,44.0,NVIDIA A10
"[1045, 1050, 1045]",0,cuda,64462019.2,2025-07-03T22:33:53.393968,2025-07-03T22:33:57.519547,153.61,140.17,100.0,94.81,13789.0,13781.17,42.64,44.0,NVIDIA A10
"[1049, 1054, 1049]",0,cuda,66202221.94,2025-07-03T22:34:07.558905,2025-07-03T22:34:11.795856,153.22,135.84,100.0,97.78,13939.0,13933.53,42.71,44.0,NVIDIA A10
"[1053, 1058, 1053]",0,cuda,67802236.86,2025-07-03T22:34:21.827624,2025-07-03T22:34:26.166976,150.96,137.26,100.0,98.43,14089.0,14083.89,42.88,44.0,NVIDIA A10
"[1057, 1062, 1057]",0,cuda,67759805.47,2025-07-03T22:34:36.203442,2025-07-03T22:34:40.540079,153.22,136.08,100.0,97.97,14243.0,14241.06,42.92,44.0,NVIDIA A10
"[1061, 1066, 1061]",0,cuda,70173654.44,2025-07-03T22:34:50.572722,2025-07-03T22:34:55.063845,152.99,138.31,100.0,97.88,14395.0,14389.14,42.95,44.0,NVIDIA A10
"[1065, 1070, 1065]",0,cuda,68710655.52,2025-07-03T22:35:05.100381,2025-07-03T22:35:09.497872,150.75,138.53,100.0,95.41,14549.0,14545.29,42.82,44.0,NVIDIA A10
"[1069, 1074, 1069]",0,cuda,69485441.73,2025-07-03T22:35:19.532323,2025-07-03T22:35:23.979402,150.42,141.39,100.0,99.82,14705.0,14703.02,42.97,44.0,NVIDIA A10
"[1073, 1078, 1073]",0,cuda,71915914.61,2025-07-03T22:35:34.013472,2025-07-03T22:35:38.616100,150.3,142.33,100.0,97.23,14865.0,14863.32,43.06,44.0,NVIDIA A10
"[1077, 1082, 1077]",0,cuda,72192396.0,2025-07-03T22:35:48.651501,2025-07-03T22:35:53.271823,150.51,135.05,100.0,97.26,15023.0,15021.6,43.12,44.0,NVIDIA A10
"[1081, 1086, 1081]",0,cuda,72036704.02,2025-07-03T22:36:03.317310,2025-07-03T22:36:07.927668,154.07,139.12,100.0,98.86,15183.0,15180.2,43.08,44.0,NVIDIA A10
"[1085, 1090, 1085]",0,cuda,73749328.84,2025-07-03T22:36:17.961461,2025-07-03T22:36:22.681426,171.64,142.5,100.0,97.51,15345.0,15343.11,43.22,44.0,NVIDIA A10
"[1089, 1094, 1089]",0,cuda,74424333.77,2025-07-03T22:36:32.715974,2025-07-03T22:36:37.479140,154.58,136.36,100.0,95.6,15507.0,15505.07,43.18,44.0,NVIDIA A10
"[1093, 1098, 1093]",0,cuda,75576496.55,2025-07-03T22:36:47.517993,2025-07-03T22:36:52.354898,150.44,137.28,100.0,95.95,15669.0,15667.38,43.29,45.0,NVIDIA A10
"[1097, 1102, 1097]",0,cuda,75548319.28,2025-07-03T22:37:02.391833,2025-07-03T22:37:07.226934,151.95,139.35,100.0,94.74,15835.0,15828.99,43.27,45.0,NVIDIA A10
"[1101, 1106, 1101]",0,cuda,76076048.61,2025-07-03T22:37:17.260409,2025-07-03T22:37:22.129284,151.26,144.61,100.0,98.6,16003.0,16001.4,43.4,45.0,NVIDIA A10
"[1105, 1110, 1105]",0,cuda,77690561.09,2025-07-03T22:37:32.167163,2025-07-03T22:37:37.139368,150.69,135.77,100.0,96.46,16171.0,16166.43,43.42,45.0,NVIDIA A10
"[1109, 1114, 1109]",0,cuda,78115170.3,2025-07-03T22:37:47.187914,2025-07-03T22:37:52.187294,150.46,136.34,100.0,96.59,16339.0,16337.64,43.42,45.0,NVIDIA A10
"[1113, 1118, 1113]",0,cuda,79260430.7,2025-07-03T22:38:02.223938,2025-07-03T22:38:07.296615,153.51,139.97,100.0,96.42,16507.0,16504.23,43.51,45.0,NVIDIA A10
"[1117, 1122, 1117]",0,cuda,84095506.25,2025-07-03T22:38:17.336577,2025-07-03T22:38:22.718698,156.05,138.55,100.0,97.09,16679.0,16671.19,43.77,45.0,NVIDIA A10
"[1121, 1126, 1121]",0,cuda,81019970.39,2025-07-03T22:38:32.757725,2025-07-03T22:38:37.943012,150.75,139.09,100.0,98.24,16849.0,16840.16,43.8,45.0,NVIDIA A10
"[1125, 1130, 1125]",0,cuda,81606375.8,2025-07-03T22:38:47.981416,2025-07-03T22:38:53.204233,162.47,138.75,100.0,95.13,17021.0,17015.04,43.88,45.0,NVIDIA A10
"[1129, 1134, 1129]",0,cuda,82988336.58,2025-07-03T22:39:03.248163,2025-07-03T22:39:08.559426,153.38,137.92,100.0,98.37,17195.0,17193.02,43.99,45.0,NVIDIA A10
"[1133, 1138, 1133]",0,cuda,82731574.39,2025-07-03T22:39:18.597681,2025-07-03T22:39:23.892511,153.9,140.66,100.0,96.56,17373.0,17365.85,43.99,45.0,NVIDIA A10
"[1137, 1142, 1137]",0,cuda,84190043.56,2025-07-03T22:39:33.928798,2025-07-03T22:39:39.316970,152.92,145.09,100.0,96.86,17549.0,17547.31,43.96,45.0,NVIDIA A10
"[1141, 1146, 1141]",0,cuda,85456377.81,2025-07-03T22:39:49.355105,2025-07-03T22:39:54.824323,150.47,135.95,100.0,96.33,17727.0,17721.24,44.05,45.0,NVIDIA A10
"[1145, 1150, 1145]",0,cuda,85443792.73,2025-07-03T22:40:04.865259,2025-07-03T22:40:10.333673,154.26,139.92,100.0,97.82,17907.0,17897.21,44.04,45.0,NVIDIA A10
"[1149, 1154, 1149]",0,cuda,89081485.67,2025-07-03T22:40:20.373844,2025-07-03T22:40:26.075069,152.14,142.67,100.0,96.28,18087.0,18085.14,44.1,45.0,NVIDIA A10
"[1153, 1158, 1153]",0,cuda,89189956.33,2025-07-03T22:40:36.115582,2025-07-03T22:40:41.823749,153.87,144.1,100.0,96.94,18271.0,18265.96,44.12,46.0,NVIDIA A10
"[1157, 1162, 1157]",0,cuda,88969652.09,2025-07-03T22:40:51.862756,2025-07-03T22:40:57.556823,150.99,141.47,100.0,97.68,18453.0,18442.87,44.28,46.0,NVIDIA A10
"[1161, 1166, 1161]",0,cuda,89828959.62,2025-07-03T22:41:07.597088,2025-07-03T22:41:13.346151,154.19,142.13,100.0,97.34,18637.0,18629.23,44.28,46.0,NVIDIA A10
"[1165, 1170, 1165]",0,cuda,90663981.0,2025-07-03T22:41:23.393459,2025-07-03T22:41:29.195963,150.45,137.66,100.0,96.93,18823.0,18820.44,44.27,46.0,NVIDIA A10
"[1169, 1174, 1169]",0,cuda,91533974.88,2025-07-03T22:41:39.236840,2025-07-03T22:41:45.095023,152.14,142.11,100.0,97.96,19013.0,19011.06,44.4,46.0,NVIDIA A10
"[1173, 1178, 1173]",0,cuda,93808155.75,2025-07-03T22:41:55.136785,2025-07-03T22:42:01.140516,151.38,138.48,100.0,96.08,19201.0,19198.56,44.4,46.0,NVIDIA A10
"[1177, 1182, 1177]",0,cuda,93686202.58,2025-07-03T22:42:11.183288,2025-07-03T22:42:17.179214,150.51,138.65,100.0,96.3,19391.0,19387.93,44.39,46.0,NVIDIA A10
"[1181, 1186, 1181]",0,cuda,97214229.53,2025-07-03T22:42:27.222947,2025-07-03T22:42:33.444667,154.56,140.09,100.0,97.56,19583.0,19580.93,44.51,46.0,NVIDIA A10
"[1185, 1190, 1185]",0,cuda,96782922.97,2025-07-03T22:42:43.489964,2025-07-03T22:42:49.684080,151.28,140.83,100.0,97.26,19775.0,19773.1,44.52,46.0,NVIDIA A10
"[1189, 1194, 1189]",0,cuda,96672684.34,2025-07-03T22:42:59.726060,2025-07-03T22:43:05.913121,154.95,137.36,100.0,96.16,19967.0,19965.07,44.47,46.0,NVIDIA A10
"[1193, 1198, 1193]",0,cuda,97104441.23,2025-07-03T22:43:15.958421,2025-07-03T22:43:22.173115,154.65,144.08,100.0,97.41,20163.0,20161.31,44.51,46.0,NVIDIA A10
"[1197, 1202, 1197]",0,cuda,98880379.91,2025-07-03T22:43:32.213860,2025-07-03T22:43:38.542213,151.01,146.18,100.0,98.52,20357.0,20354.3,44.56,46.0,NVIDIA A10
"[1201, 1206, 1201]",0,cuda,100096029.3,2025-07-03T22:43:48.588810,2025-07-03T22:43:54.994966,152.92,140.15,100.0,96.98,20553.0,20551.05,44.6,46.0,NVIDIA A10
"[1205, 1210, 1205]",0,cuda,100540329.19,2025-07-03T22:44:05.041339,2025-07-03T22:44:11.475929,151.04,140.32,100.0,95.95,20755.0,20753.56,44.59,46.0,NVIDIA A10
"[1209, 1214, 1209]",0,cuda,100754559.94,2025-07-03T22:44:21.521068,2025-07-03T22:44:27.969368,153.51,145.66,100.0,98.24,20955.0,20953.04,44.66,46.0,NVIDIA A10
"[1213, 1218, 1213]",0,cuda,102913301.05,2025-07-03T22:44:38.019925,2025-07-03T22:44:44.606385,153.87,139.16,100.0,96.52,21157.0,21155.04,44.65,46.0,NVIDIA A10
"[1217, 1222, 1217]",0,cuda,104854105.97,2025-07-03T22:44:54.657903,2025-07-03T22:45:01.368575,152.04,140.03,100.0,97.32,21361.0,21359.07,44.73,46.0,NVIDIA A10
"[1221, 1226, 1221]",0,cuda,105021513.33,2025-07-03T22:45:11.415163,2025-07-03T22:45:18.136548,154.36,144.52,100.0,98.09,21565.0,21563.64,44.86,46.0,NVIDIA A10
"[1225, 1230, 1225]",0,cuda,106619152.91,2025-07-03T22:45:28.183918,2025-07-03T22:45:35.007553,152.14,140.09,100.0,96.83,21769.0,21760.43,44.88,46.0,NVIDIA A10
"[1229, 1234, 1229]",0,cuda,106199880.69,2025-07-03T22:45:45.060518,2025-07-03T22:45:51.857321,150.91,140.95,100.0,96.0,21977.0,21972.9,44.88,46.0,NVIDIA A10
"[1233, 1238, 1233]",0,cuda,106847996.92,2025-07-03T22:46:01.900154,2025-07-03T22:46:08.738434,153.51,146.1,100.0,97.92,22183.0,22180.78,44.95,46.0,NVIDIA A10
"[1237, 1242, 1237]",0,cuda,108364853.2,2025-07-03T22:46:18.794916,2025-07-03T22:46:25.730276,150.89,143.32,100.0,97.48,22391.0,22388.81,44.95,46.0,NVIDIA A10
"[1241, 1246, 1241]",0,cuda,109019468.42,2025-07-03T22:46:35.784413,2025-07-03T22:46:42.761668,151.19,142.67,100.0,98.18,22605.0,22599.77,45.0,46.0,NVIDIA A10
"[1245, 1250, 1245]",0,cuda,112837251.42,2025-07-03T22:46:52.809262,2025-07-03T22:47:00.030855,153.71,144.45,100.0,99.55,22817.0,22807.6,45.04,46.0,NVIDIA A10
"[1249, 1254, 1249]",0,cuda,117965230.81,2025-07-03T22:47:10.085959,2025-07-03T22:47:17.635742,153.71,145.44,100.0,99.73,15639.0,15638.44,45.17,46.0,NVIDIA A10
"[1253, 1258, 1253]",0,cuda,116323946.95,2025-07-03T22:47:27.687065,2025-07-03T22:47:35.131806,150.78,144.5,100.0,99.85,15783.0,15782.72,45.15,46.0,NVIDIA A10
"[1257, 1262, 1257]",0,cuda,117448506.02,2025-07-03T22:47:45.182166,2025-07-03T22:47:52.698878,153.22,145.83,100.0,99.73,15927.0,15926.43,45.17,47.0,NVIDIA A10
"[1261, 1266, 1261]",0,cuda,118266360.02,2025-07-03T22:48:02.747761,2025-07-03T22:48:10.316817,153.71,146.52,100.0,99.94,16071.0,16070.44,45.16,47.0,NVIDIA A10
"[1265, 1270, 1265]",0,cuda,119669242.64,2025-07-03T22:48:20.367663,2025-07-03T22:48:28.026503,153.87,142.53,100.0,99.97,16219.0,16218.44,45.25,47.0,NVIDIA A10
"[1269, 1274, 1269]",0,cuda,124668192.22,2025-07-03T22:48:38.077309,2025-07-03T22:48:46.056082,150.84,145.0,100.0,99.56,16367.0,16366.72,45.42,47.0,NVIDIA A10
"[1273, 1278, 1273]",0,cuda,122956409.58,2025-07-03T22:48:56.109328,2025-07-03T22:49:03.978547,153.68,140.89,100.0,99.98,16515.0,16514.42,45.45,47.0,NVIDIA A10
"[1277, 1282, 1277]",0,cuda,123272381.27,2025-07-03T22:49:14.035947,2025-07-03T22:49:21.925389,154.36,144.85,100.0,99.65,16663.0,16662.43,45.44,47.0,NVIDIA A10
"[1281, 1286, 1281]",0,cuda,124559295.86,2025-07-03T22:49:31.977269,2025-07-03T22:49:39.949074,152.05,143.11,100.0,99.49,16815.0,16814.16,45.48,47.0,NVIDIA A10
"[1285, 1290, 1285]",0,cuda,124867315.25,2025-07-03T22:49:50.003326,2025-07-03T22:49:57.994844,154.09,146.29,100.0,100.0,16963.0,16962.71,45.56,47.0,NVIDIA A10
"[1289, 1294, 1289]",0,cuda,126608708.45,2025-07-03T22:50:08.048060,2025-07-03T22:50:16.151028,153.8,143.39,100.0,99.59,17115.0,17114.71,45.47,47.0,NVIDIA A10
"[1293, 1298, 1293]",0,cuda,128242655.55,2025-07-03T22:50:26.205877,2025-07-03T22:50:34.413416,150.69,145.36,100.0,99.9,17271.0,17270.44,45.51,47.0,NVIDIA A10
"[1297, 1302, 1297]",0,cuda,129825390.06,2025-07-03T22:50:44.467973,2025-07-03T22:50:52.776808,152.14,146.22,100.0,99.99,17423.0,17422.72,45.62,47.0,NVIDIA A10
"[1301, 1306, 1301]",0,cuda,131394046.31,2025-07-03T22:51:02.841292,2025-07-03T22:51:11.250520,151.3,142.8,100.0,99.97,17579.0,17578.44,45.64,47.0,NVIDIA A10
"[1305, 1310, 1305]",0,cuda,131998052.73,2025-07-03T22:51:21.307657,2025-07-03T22:51:29.755541,150.94,145.37,100.0,99.99,17735.0,17734.44,45.72,47.0,NVIDIA A10
"[1309, 1314, 1309]",0,cuda,132490326.7,2025-07-03T22:51:39.830884,2025-07-03T22:51:48.310274,153.8,146.63,100.0,99.73,17891.0,17890.43,45.69,47.0,NVIDIA A10
"[1313, 1318, 1313]",0,cuda,134052545.23,2025-07-03T22:51:58.367076,2025-07-03T22:52:06.946448,150.52,143.15,100.0,99.99,18047.0,18046.71,45.7,47.0,NVIDIA A10
"[1317, 1322, 1317]",0,cuda,136188623.39,2025-07-03T22:52:17.002844,2025-07-03T22:52:25.718925,152.13,143.76,100.0,99.98,18207.0,18206.45,45.78,47.0,NVIDIA A10
"[1321, 1326, 1321]",0,cuda,136686564.14,2025-07-03T22:52:35.777611,2025-07-03T22:52:44.525561,153.51,143.4,100.0,99.9,18367.0,18366.44,45.79,47.0,NVIDIA A10
"[1325, 1330, 1325]",0,cuda,137212956.23,2025-07-03T22:52:54.593215,2025-07-03T22:53:03.374853,152.34,146.3,100.0,99.71,18527.0,18526.43,45.8,47.0,NVIDIA A10
"[1329, 1334, 1329]",0,cuda,140106582.44,2025-07-03T22:53:13.433607,2025-07-03T22:53:22.400438,154.78,143.7,100.0,99.74,18691.0,18690.43,45.84,47.0,NVIDIA A10
"[1333, 1338, 1333]",0,cuda,140954433.25,2025-07-03T22:53:32.461315,2025-07-03T22:53:41.482407,151.56,146.38,100.0,99.81,18851.0,18850.45,45.87,47.0,NVIDIA A10
"[1337, 1342, 1337]",0,cuda,143869020.08,2025-07-03T22:53:51.544142,2025-07-03T22:54:00.751767,151.31,143.3,100.0,99.95,19015.0,19014.43,45.95,47.0,NVIDIA A10
"[1341, 1346, 1341]",0,cuda,143584241.91,2025-07-03T22:54:10.811533,2025-07-03T22:54:20.000933,155.43,143.33,100.0,99.65,19179.0,19178.43,45.92,47.0,NVIDIA A10
"[1345, 1350, 1345]",0,cuda,143326893.8,2025-07-03T22:54:30.060333,2025-07-03T22:54:39.233262,151.77,143.74,100.0,99.99,19347.0,19346.44,45.97,47.0,NVIDIA A10
"[1349, 1354, 1349]",0,cuda,145148678.09,2025-07-03T22:54:49.298296,2025-07-03T22:54:58.587819,150.41,142.85,100.0,99.96,19511.0,19510.41,45.99,47.0,NVIDIA A10
"[1353, 1358, 1353]",0,cuda,148926159.34,2025-07-03T22:55:08.650022,2025-07-03T22:55:18.181304,150.94,146.89,100.0,99.63,19679.0,19678.71,46.03,47.0,NVIDIA A10
"[1357, 1362, 1357]",0,cuda,150657724.97,2025-07-03T22:55:28.249910,2025-07-03T22:55:37.892014,151.08,144.79,100.0,99.69,19847.0,19846.71,46.06,47.0,NVIDIA A10
"[1361, 1366, 1361]",0,cuda,149944041.38,2025-07-03T22:55:47.951870,2025-07-03T22:55:57.548297,152.73,144.24,100.0,99.73,20019.0,20018.43,46.1,47.0,NVIDIA A10
"[1365, 1370, 1365]",0,cuda,151564657.55,2025-07-03T22:56:07.611684,2025-07-03T22:56:17.311832,151.45,145.88,100.0,99.99,20187.0,20186.43,46.12,48.0,NVIDIA A10
"[1369, 1374, 1369]",0,cuda,152581061.11,2025-07-03T22:56:27.376695,2025-07-03T22:56:37.141892,150.98,146.04,100.0,99.91,20359.0,20358.44,46.07,48.0,NVIDIA A10
"[1373, 1378, 1373]",0,cuda,157970110.94,2025-07-03T22:56:47.205131,2025-07-03T22:56:57.315226,154.46,144.38,100.0,99.82,20531.0,20530.46,46.27,48.0,NVIDIA A10
"[1377, 1382, 1377]",0,cuda,154689536.22,2025-07-03T22:57:07.385526,2025-07-03T22:57:17.285666,152.44,147.06,100.0,99.81,20707.0,20706.43,46.23,48.0,NVIDIA A10
"[1381, 1386, 1381]",0,cuda,155748255.27,2025-07-03T22:57:27.350718,2025-07-03T22:57:37.318614,150.58,144.16,100.0,99.96,20879.0,20878.43,46.19,48.0,NVIDIA A10
"[1385, 1390, 1385]",0,cuda,159593925.77,2025-07-03T22:57:47.383144,2025-07-03T22:57:57.597163,152.14,147.28,100.0,99.99,21055.0,21054.45,46.27,48.0,NVIDIA A10
"[1389, 1394, 1389]",0,cuda,160866770.61,2025-07-03T22:58:07.662356,2025-07-03T22:58:17.957837,155.07,147.15,100.0,99.98,21231.0,21230.45,46.41,48.0,NVIDIA A10
"[1393, 1398, 1393]",0,cuda,160675639.92,2025-07-03T22:58:28.024542,2025-07-03T22:58:38.307792,152.73,145.07,100.0,99.9,21411.0,21410.17,46.35,48.0,NVIDIA A10
"[1397, 1402, 1397]",0,cuda,163978032.73,2025-07-03T22:58:48.376791,2025-07-03T22:58:58.871395,150.87,145.45,100.0,99.98,21587.0,21586.18,46.44,48.0,NVIDIA A10
"[1401, 1406, 1401]",0,cuda,162514903.52,2025-07-03T22:59:08.941079,2025-07-03T22:59:19.342041,153.22,146.62,100.0,99.97,21767.0,21766.42,46.44,48.0,NVIDIA A10
"[1405, 1410, 1405]",0,cuda,164135743.95,2025-07-03T22:59:29.406820,2025-07-03T22:59:39.911516,151.73,145.31,100.0,99.99,21947.0,21946.43,46.53,48.0,NVIDIA A10
"[1409, 1414, 1409]",0,cuda,167730545.05,2025-07-03T22:59:49.976624,2025-07-03T23:00:00.711387,155.16,146.52,100.0,99.96,22131.0,22130.43,46.58,48.0,NVIDIA A10
"[1413, 1418, 1413]",0,cuda,170233875.83,2025-07-03T23:00:10.788596,2025-07-03T23:00:21.683573,153.19,147.31,100.0,99.82,22311.0,22310.46,46.63,48.0,NVIDIA A10
"[1417, 1422, 1417]",0,cuda,169488895.22,2025-07-03T23:00:31.752342,2025-07-03T23:00:42.599639,153.22,145.66,100.0,99.81,22495.0,22494.44,46.65,48.0,NVIDIA A10
"[1421, 1426, 1421]",0,cuda,170653328.64,2025-07-03T23:00:52.668707,2025-07-03T23:01:03.590528,152.7,147.04,100.0,99.86,22683.0,22682.43,46.71,48.0,NVIDIA A10
"[1425, 1430, 1425]",0,cuda,172133171.75,2025-07-03T23:01:13.660127,2025-07-03T23:01:24.676659,152.34,145.43,100.0,99.79,22867.0,22866.19,46.72,48.0,NVIDIA A10
